,Outlet,Agent,League,Position,Age,Country,Join,Market Value,Outcome
1,The Sun,ROOF,Premier League,Midfielder,22.0,Germany,665.0,70.0,False
2,Sky Sports,Relatives,Serie A,Midfielder,26.0,France,1096.0,30.0,False
4,Liverpool E.,Wasserman,LaLiga,Attacker,25.0,Spain,634.0,3.5,True
7,Corriere S.,LIAN Sports Group,Serie A,Defender,30.0,Senegal,2922.0,48.0,False
8,Marca,Relatives,Ligue 1,Attacker,29.0,Brazil,1793.0,100.0,False
9,Evening Std,CAA Stellar,Premier League,Defender,24.0,Scotland,1058.0,32.0,False
13,Bild,Relatives,LaLiga,Attacker,24.0,France,1771.0,50.0,False
15,Calcio M.,CAA Stellar,Premier League,Attacker,19.0,Uruguay,634.0,6.0,False
16,Mirror,Wasserman,Premier League,Attacker,23.0,England,1461.0,35.0,False
21,Sky Sports,Gol International,Premier League,Midfielder,25.0,Denmark,689.0,35.0,False
22,Guardian,CAA Base Ltd,Premier League,Midfielder,23.0,England,672.0,20.0,False
28,ESPN,ESN,LaLiga,Defender,22.0,France,1094.0,60.0,False
30,Journalists,Elite Project Group ...,Bundesliga,Attacker,21.0,England,1765.0,100.0,True
35,Express,CAA Stellar,Championship,Defender,22.0,England,1096.0,10.0,False
36,Liverpool E.,ROOF,Premier League,Attacker,21.0,England,637.0,12.0,False
39,90 Min,Wasserman,Premier League,Attacker,27.0,Scotland,662.0,10.0,False
40,The Athletic,Relatives,Premier League,Midfielder,24.0,Spain,1072.0,27.0,False
41,Sky Sports,Unique Sports Group,Premier League,Attacker,21.0,England,1461.0,22.0,False
45,Mail,Sports360 GmbH,Eredivisie,Midfielder,29.0,Germany,633.0,12.0,False
47,Mirror,Elite Project Group ...,Bundesliga,Attacker,21.0,England,1765.0,100.0,True
49,Evening Std,Teranga Sports,Championship,Attacker,23.0,Senegal,1058.0,22.0,False
50,Mirror,CAA Stellar,Premier League,Attacker,25.0,England,3287.0,65.0,True
52,Insider,Relatives,Championship,Attacker,25.0,England,668.0,28.0,False
54,ESPN,Bertolucci Sports,Premier League,Defender,23.0,Brazil,668.0,25.0,False
55,Bild,ROOF,Premier League,Midfielder,22.0,Germany,665.0,70.0,False
58,Star,Sports Invest UK ltd,Premier League,Midfielder,23.0,Brazil,1072.0,35.0,False
59,Mail,Unknown,Championship,Attacker,29.0,England,676.0,2.0,True
60,Sky Sports,Wasserman,Serie A,Midfielder,22.0,United States,365.0,25.0,False
61,Talksport,CAA Stellar,Premier League,Defender,24.0,England,674.0,45.0,False
62,Guardian,ROOF,Premier League,Midfielder,22.0,Germany,665.0,70.0,False
68,The Sun,CAA Stellar,Scottish Premiership,Attacker,23.0,France,1461.0,17.0,False
70,Mail,Unique Sports Group,Championship,Attacker,23.0,Wales,1461.0,16.0,False
71,Marca,Relatives,LaLiga,Attacker,34.0,Argentina,6209.0,80.0,False
72,ESPN,Relatives,LaLiga,Attacker,34.0,Argentina,6209.0,80.0,False
74,Times ,Goal Management,Premier League,Defender,26.0,Spain,2922.0,25.0,False
76,The Sun,Relatives,Scottish Premiership,Attacker,24.0,England,1033.0,14.0,False
82,Marca,Sports Invest UK ltd,LaLiga,Attacker,29.0,Brazil,1635.0,30.0,False
84,Express,P&P Sport ...,Liga Portugal,Defender,22.0,France,633.0,10.0,True
85,Manchester N.,HCM Sports ...,Premier League,Midfielder,24.0,Netherlands,667.0,30.0,False
86,Mail,CAA Stellar,Premier League,Defender,25.0,England,2170.0,18.0,False
90,L'Equipe,Relatives,LaLiga,Attacker,34.0,Argentina,6209.0,80.0,True
92,The Sun,Relatives,Premier League,Midfielder,22.0,England,1826.0,65.0,False
95,Mundo D.,ROOF,Premier League,Attacker,29.0,Senegal,2191.0,85.0,False
102,The Sun,Relatives,LaLiga,Attacker,34.0,Argentina,6209.0,80.0,False
104,The Sun,Unknown,Premier League,Midfielder,24.0,France,1095.0,50.0,False
105,Marca,HCM Sports ...,Premier League,Midfielder,24.0,Netherlands,667.0,30.0,False
106,Mail,ROOF,Premier League,Attacker,23.0,England,1826.0,38.0,False
107,The Athletic,CAA Stellar,Premier League,Defender,25.0,England,2170.0,18.0,False
109,The Sun,CAA Stellar,Premier League,Defender,34.0,Argentina,2531.0,1.0,False
111,Star,CAA Base Ltd,Premier League,Midfielder,25.0,England,2706.0,30.0,True
113,L'Equipe,TEAM DEPAY,Ligue 1,Attacker,27.0,Netherlands,1988.0,45.0,True
114,Marca,AC Talent,LaLiga,Midfielder,21.0,Spain,730.0,18.0,False
115,Mundo D.,Relatives,Serie A,Attacker,27.0,Argentina,2557.0,50.0,False
118,The Athletic,Relatives,LaLiga,Attacker,34.0,Argentina,6209.0,80.0,True
123,Goal,TEAM DEPAY,Ligue 1,Attacker,27.0,Netherlands,1988.0,45.0,True
126,Insider,Unique Sports Group,Championship,Attacker,37.0,England,668.0,0.3,True
127,Insider,Unknown,Scottish Premiership,Attacker,23.0,Netherlands,1089.0,0.3,False
128,90 Min,Relatives,LaLiga,Attacker,34.0,Argentina,6209.0,80.0,True
129,The Athletic,Relatives,Ligue 1,Attacker,22.0,France,1461.0,160.0,False
131,The Sun,Goal Management,Premier League,Defender,26.0,Spain,2922.0,25.0,True
133,Sky Sports,AMS CONSULTING,Serie A,Attacker,18.0,Cote d'Ivoire,668.0,18.0,True
134,The Athletic,CAA Stellar,Premier League,Defender,34.0,Argentina,2531.0,1.0,False
135,Talksport,Relatives,Bundesliga,Midfielder,22.0,France,634.0,20.0,True
136,Mail,Relatives,Bundesliga,Defender,29.0,Austria,4383.0,55.0,True
140,Star,Wasserman,Premier League,Defender,29.0,England,4018.0,5.0,False
141,The Sun,CAA Stellar,Premier League,Defender,20.0,England,730.0,5.0,False
145,Mirror,Relatives,Bundesliga,Defender,29.0,Austria,4383.0,55.0,True
147,Corriere S.,The Talents ...,Serie A,Midfielder,29.0,Denmark,885.0,40.0,False
150,Sky Sports,Unknown,Premier League,Defender,20.0,England,1096.0,10.0,False
151,Liverpool E.,Sports Invest UK ltd,LaLiga,Attacker,29.0,Brazil,1635.0,30.0,False
153,The Athletic,Relatives,Bundesliga,Defender,29.0,Austria,4383.0,55.0,False
154,The Athletic,LIAN Sports Group,LaLiga,Attacker,23.0,Serbia,1095.0,20.0,False
155,Calcio M.,The Talents ...,Serie A,Midfielder,29.0,Denmark,885.0,40.0,False
157,Mail,Relatives,Premier League,Midfielder,22.0,England,1826.0,65.0,False
158,The Sun,Unknown,Premier League,Attacker,28.0,Cote d'Ivoire,2706.0,45.0,False
160,The Athletic,AC Talent,LaLiga,Midfielder,21.0,Spain,730.0,18.0,False
168,Insider,CAA Base Ltd,Premier League,Defender,23.0,Netherlands,2373.0,4.0,False
171,Bild,CAA Stellar,Serie A,Attacker,18.0,Netherlands,515.0,3.0,False
173,Journalists,LIAN Sports Group,Premier League,Defender,30.0,Spain,2130.0,12.0,False
174,Mirror,Unknown,Premier League,Attacker,28.0,Cote d'Ivoire,2706.0,45.0,False
175,The Sun,Relatives,Championship,Defender,21.0,England,1461.0,22.0,False
180,Corriere S.,CAA Base Ltd,Serie A,Attacker,36.0,Spain,1033.0,1.0,False
183,Mail,CAA Stellar,Premier League,Attacker,25.0,England,3287.0,65.0,True
186,Marca,CAA Stellar,Premier League,Attacker,23.0,Wales,1096.0,18.0,False
190,Liverpool E.,HCM Sports ...,Serie A,Defender,31.0,Sweden,1438.0,3.0,True
195,Insider,CAA Base Ltd,Championship,Defender,25.0,England,3287.0,3.0,False
196,90 Min,Elite Project Group ...,Bundesliga,Attacker,21.0,England,1765.0,100.0,True
197,Mail,Unknown,Premier League,Attacker,28.0,Cote d'Ivoire,2706.0,45.0,False
200,The Sun,Elite Project Group ...,Bundesliga,Attacker,21.0,England,1765.0,100.0,True
202,Manchester N.,AMS CONSULTING,Serie A,Attacker,18.0,Cote d'Ivoire,668.0,18.0,True
207,Mail,Wasserman,Bundesliga,Attacker,20.0,Wales,1248.0,4.0,True
208,Bild,Relatives,Bundesliga,Midfielder,25.0,Germany,1096.0,20.0,False
210,Goal,Relatives,LaLiga,Attacker,34.0,Uruguay,730.0,15.0,False
211,Marca,The Talents ...,Serie A,Midfielder,29.0,Denmark,885.0,40.0,False
212,Journalists,CK66,Premier League,Attacker,27.0,England,4199.0,120.0,False
214,Mirror,CAA Base Ltd,Premier League,Midfielder,25.0,England,2706.0,30.0,False
215,L'Equipe,CAA Base Ltd,Premier League,Midfielder,25.0,England,2706.0,30.0,False
216,Corriere S.,Relatives,Serie A,Attacker,27.0,Argentina,2557.0,50.0,False
217,ESPN,AMS CONSULTING,Serie A,Attacker,18.0,Cote d'Ivoire,668.0,18.0,True
225,Guardian,Relatives,Bundesliga,Defender,29.0,Austria,4383.0,55.0,False
226,Bild,CAA Base Ltd,Bundesliga,Attacker,25.0,France,1826.0,65.0,False
229,Mail,Wasserman,Championship,Midfielder,26.0,England,2363.0,3.0,False
231,Talksport,CAA Base Ltd,LaLiga,Defender,30.0,England,1080.0,20.0,False
232,Manchester N.,Unknown,Premier League,Defender,20.0,England,1096.0,10.0,False
236,Sky Sports,CAA Stellar,Championship,Defender,23.0,England,1826.0,7.0,True
238,Manchester N.,CAA Base Ltd,Premier League,Defender,23.0,Netherlands,2373.0,4.0,True
239,Guardian,CAA Stellar,Championship,Defender,23.0,England,1826.0,7.0,True
240,Talksport,LIAN Sports Group,Serie A,Defender,30.0,Senegal,2922.0,48.0,False
247,Sky Sports,Unknown,Premier League,Midfielder,28.0,England,2922.0,22.0,False
249,Liverpool E.,Unknown,Premier League,Defender,23.0,England,1461.0,28.0,False
253,90 Min,ROOF,Bundesliga,Attacker,23.0,Nigeria,346.0,5.0,True
254,Mail,Wasserman,Premier League,Midfielder,29.0,England,1453.0,2.5,True
257,Calcio M.,Rafaela Pimenta,Premier League,Midfielder,28.0,France,2152.0,60.0,True
260,Mail,Gol International,Ligue 1,Midfielder,26.0,France,1991.0,16.0,True
262,Talksport,Wasserman,Premier League,Midfielder,29.0,England,1453.0,2.5,True
266,F. Romano,CAA Base Ltd,Premier League,Midfielder,25.0,England,2706.0,30.0,False
268,Star,Unknown,Premier League,Midfielder,28.0,England,2922.0,22.0,False
273,Sport,Relatives,LaLiga,Attacker,34.0,Argentina,6209.0,80.0,True
276,Marca,Relatives,Bundesliga,Defender,29.0,Austria,4383.0,55.0,True
277,ESPN,Unknown,Premier League,Midfielder,28.0,England,2922.0,22.0,True
278,Sky Sports,Universal Twenty Two,Championship,Attacker,24.0,Argentina,1461.0,35.0,False
283,Talksport,Unknown,Premier League,Midfielder,28.0,England,2922.0,22.0,True
288,Mail,Universal Twenty Two,Championship,Attacker,24.0,Argentina,1461.0,35.0,False
290,The Sun,Unknown,Premier League,Attacker,28.0,England,1096.0,22.0,False
291,Star,LIAN Sports Group,Liga Portugal,Attacker,29.0,Switzerland,1826.0,14.0,False
292,Sport,Relatives,LaLiga,Attacker,24.0,France,1771.0,50.0,False
293,90 Min,Unknown,Premier League,Attacker,28.0,England,1096.0,22.0,False
294,Mail,Unknown,Premier League,Midfielder,28.0,England,2922.0,22.0,False
299,Express,Relatives,Ligue 1,Attacker,22.0,France,1461.0,160.0,False
303,Mail,CAA Stellar,Premier League,Midfielder,20.0,Scotland,871.0,10.0,False
306,Telegraph ,CAA Stellar,Championship,Attacker,16.0,England,1096.0,0.0,False
307,Times ,HCM Sports ...,Premier League,Midfielder,24.0,Netherlands,667.0,30.0,False
308,Bild,Unknown,Bundesliga,Defender,22.0,France,1995.0,60.0,False
309,Telegraph ,Relatives,Premier League,Midfielder,22.0,England,1826.0,65.0,False
312,Mirror,Unknown,Premier League,Defender,28.0,England,2342.0,25.0,False
316,Goal,CAA Stellar,Premier League,Attacker,19.0,Uruguay,634.0,6.0,False
317,Sky Sports,Sports Invest UK ltd,Bundesliga,Attacker,20.0,Netherlands,730.0,8.0,False
321,Mirror,ESN,LaLiga,Defender,22.0,France,1094.0,60.0,False
322,Marca,Relatives,LaLiga,Attacker,24.0,France,1771.0,50.0,False
323,Mail,Unknown,Premier League,Defender,28.0,Cote d'Ivoire,1765.0,20.0,False
326,Evening Std,CAA Stellar,Premier League,Defender,29.0,Germany,2131.0,2.5,False
331,Mundo D.,ESN,LaLiga,Defender,22.0,France,1094.0,60.0,True
338,Insider,Unique Sports Group,Ligue 1,Defender,23.0,France,1081.0,8.0,False
340,Journalists,Unknown,Premier League,Attacker,24.0,Brazil,634.0,30.0,False
345,Marca,CAA Stellar,LaLiga,Midfielder,26.0,Spain,3287.0,40.0,False
347,Star,Sports Invest UK ltd,Premier League,Midfielder,23.0,Brazil,1072.0,35.0,False
348,Mirror,Elite Project Group ...,Bundesliga,Attacker,21.0,England,1765.0,100.0,True
349,Mirror,CAA Base Ltd,LaLiga,Defender,30.0,England,1080.0,20.0,False
351,Sport,TEAM DEPAY,Ligue 1,Attacker,27.0,Netherlands,1988.0,45.0,True
354,Insider,Elite Project Group ...,Premier League,Attacker,22.0,England,1277.0,16.0,False
360,Mail,Gestifute,Premier League,Midfielder,24.0,Portugal,1819.0,45.0,False
361,Metro,CAA Base Ltd,LaLiga,Defender,30.0,England,1080.0,20.0,False
364,Mundo D.,TEAM DEPAY,Ligue 1,Attacker,27.0,Netherlands,1988.0,45.0,True
368,Mundo D.,Sports Invest UK ltd,LaLiga,Attacker,29.0,Brazil,1635.0,30.0,False
369,The Sun,Unique Sports Group,Ligue 1,Attacker,24.0,Cote d'Ivoire,2724.0,12.0,False
370,Mundo D.,Sports360 GmbH,Premier League,Attacker,25.0,Germany,730.0,65.0,False
372,Goal,CK66,Premier League,Attacker,27.0,England,4199.0,120.0,False
378,The Sun,Unknown,Premier League,Midfielder,28.0,England,2922.0,22.0,True
379,Sky Sports,Unknown,Premier League,Midfielder,31.0,France,2130.0,10.0,False
380,Mirror,ROOF,Championship,Midfielder,25.0,Denmark,1068.0,10.0,False
381,Journalists,Gestifute,Premier League,Midfielder,26.0,Portugal,1826.0,70.0,False
384,Express,Gestifute,Serie A,Attacker,36.0,Portugal,1452.0,45.0,True
385,Mundo D.,CAA Stellar,Premier League,Attacker,25.0,England,3287.0,65.0,False
387,Times ,CAA Stellar,Premier League,Defender,24.0,Scotland,1058.0,32.0,False
391,90 Min,CK66,Premier League,Attacker,27.0,England,4199.0,120.0,False
392,L'Equipe,Rafaela Pimenta,Premier League,Midfielder,28.0,France,2152.0,60.0,False
395,Goal,CAA Base Ltd,LaLiga,Defender,28.0,France,4018.0,70.0,True
396,ESPN,CAA Base Ltd,LaLiga,Defender,30.0,England,1080.0,20.0,False
397,The Athletic,Universal Twenty Two,LaLiga,Attacker,21.0,Sweden,1096.0,40.0,False
400,F. Romano,Relatives,Bundesliga,Midfielder,22.0,France,634.0,20.0,True
401,Insider,Unknown,Premier League,Midfielder,28.0,England,2922.0,22.0,True
405,Star,CK66,Premier League,Attacker,27.0,England,4199.0,120.0,False
406,Mail,Elite Project Group ...,Bundesliga,Attacker,21.0,England,1765.0,100.0,True
411,Sky Sports,Gestifute,Premier League,Defender,33.0,Portugal,1461.0,10.0,True
412,Bild,Universal Twenty Two,LaLiga,Attacker,21.0,Sweden,1096.0,40.0,False
413,Sky Sports,Wasserman,Eredivisie,Midfielder,25.0,Netherlands,1461.0,16.0,False
414,Mundo D.,CAA Base Ltd,LaLiga,Attacker,20.0,Spain,1096.0,0.5,False
415,Sky Sports,CK66,Premier League,Attacker,27.0,England,4199.0,120.0,False
416,Talksport,Elite Project Group ...,Bundesliga,Attacker,21.0,England,1765.0,100.0,True
417,L'Equipe,CAA Base Ltd,LaLiga,Defender,28.0,France,4018.0,70.0,False
419,Journalists,Gestifute,Bundesliga,Attacker,25.0,Portugal,659.0,45.0,False
426,Insider,Unique Sports Group,Championship,Midfielder,30.0,England,1422.0,2.0,False
428,Marca,Goal Management,Premier League,Defender,26.0,Spain,2922.0,25.0,False
430,The Athletic,Wasserman,Premier League,Defender,20.0,Wales,912.0,8.0,False
431,Insider,CAA Stellar,Premier League,Defender,28.0,Wales,1442.0,6.0,False
435,Insider,CAA Stellar,Premier League,Midfielder,26.0,England,3652.0,30.0,False
436,Mirror,Unknown,Premier League,Midfielder,28.0,England,2922.0,22.0,True
444,90 Min,Gestifute,Ligue 1,Midfielder,23.0,Portugal,1043.0,30.0,False
445,Express,ESN,LaLiga,Defender,22.0,France,1094.0,60.0,False
446,The Sun,Unknown,Scottish Premiership,Midfielder,19.0,Scotland,1096.0,0.1,False
450,ESPN,CK66,Premier League,Attacker,27.0,England,4199.0,120.0,False
457,Marca,Relatives,LaLiga,Attacker,24.0,France,1771.0,50.0,False
458,Express,CAA Stellar,Premier League,Defender,34.0,Wales,3073.0,1.0,False
459,The Sun,Relatives,Premier League,Attacker,21.0,England,1096.0,9.0,False
460,Insider,Unknown,Eredivisie,Attacker,19.0,England,699.0,16.0,False
462,The Athletic,Relatives,LaLiga,Attacker,34.0,Argentina,6209.0,80.0,True
463,Star,HCM Sports ...,Premier League,Midfielder,24.0,Netherlands,667.0,30.0,False
465,L'Equipe,Gestifute,Ligue 1,Midfielder,23.0,Portugal,1043.0,30.0,False
466,90 Min,Rafaela Pimenta,Premier League,Midfielder,28.0,France,2152.0,60.0,True
469,The Sun,Unknown,Premier League,Midfielder,31.0,England,2922.0,4.0,False
471,Calcio M.,Wasserman,Eredivisie,Midfielder,25.0,Netherlands,1461.0,16.0,True
474,The Athletic,Relatives,Premier League,Attacker,26.0,England,2544.0,90.0,False
475,Mail,CAA Stellar,Premier League,Attacker,31.0,Wales,650.0,18.0,False
479,Mail,Unknown,Premier League,Defender,20.0,England,1096.0,10.0,False
480,Mail,CAA Stellar,Premier League,Defender,34.0,Wales,3073.0,1.0,True
481,Star,AC Talent,LaLiga,Defender,27.0,France,2178.0,8.0,False
496,Insider,Gestifute,Premier League,Attacker,25.0,Spain,1423.0,30.0,False
497,The Athletic,Goal Management,Premier League,Defender,26.0,Spain,2922.0,25.0,False
498,The Athletic,HCM Sports ...,Serie A,Defender,31.0,Sweden,1438.0,3.0,True
499,Star,Rafaela Pimenta,Premier League,Midfielder,28.0,France,2152.0,60.0,False
505,Mundo D.,Wasserman,LaLiga,Defender,26.0,France,1450.0,25.0,False
507,Mirror,CAA Base Ltd,Bundesliga,Attacker,25.0,France,1826.0,65.0,False
509,The Sun,CK66,Premier League,Attacker,27.0,England,4199.0,120.0,False
510,L'Equipe,CAA Stellar,Ligue 1,Midfielder,18.0,France,1277.0,55.0,True
511,Insider,ROOF,Premier League,Attacker,23.0,England,1826.0,38.0,False
513,Sport,ESN,LaLiga,Defender,22.0,France,1094.0,60.0,False
519,90 Min,LIAN Sports Group,Serie A,Defender,30.0,Senegal,2922.0,48.0,False
522,The Sun,Unique Sports Group,Premier League,Attacker,24.0,Wales,1461.0,17.0,False
524,Sky Sports,Unknown,Serie A,Attacker,27.0,Italy,2509.0,35.0,True
525,Insider,Unknown,Championship,Attacker,28.0,Senegal,1826.0,2.5,False
526,Metro,Goal Management,Premier League,Defender,26.0,Spain,2922.0,25.0,False
528,Mirror,Wasserman,Premier League,Defender,23.0,United States,680.0,7.0,False
529,Star,CAA Base Ltd,Ligue 1,Defender,21.0,England,682.0,3.5,True
530,Guardian,ESN,LaLiga,Defender,22.0,France,1094.0,60.0,False
531,Star,Gestifute,Premier League,Attacker,25.0,Spain,1423.0,30.0,False
537,Mail,Unknown,Premier League,Midfielder,21.0,England,1096.0,16.0,True
539,Telegraph ,CK66,Premier League,Attacker,27.0,England,4199.0,120.0,False
540,Sky Sports,CAA Stellar,Premier League,Attacker,25.0,England,3287.0,65.0,True
542,L'Equipe,Sport Cover,Ligue 1,Midfielder,17.0,France,730.0,12.0,False
543,Mirror,CAA Stellar,LaLiga,Midfielder,26.0,Spain,3287.0,40.0,False
544,Mail,Gestifute,Liga Portugal,Attacker,22.0,Uruguay,665.0,20.0,False
552,The Sun,ROOF,Bundesliga,Attacker,23.0,Nigeria,1072.0,11.0,False
554,Sport,Gestifute,LaLiga,Attacker,24.0,Spain,899.0,12.0,False
558,Sky Sports,ROOF,Championship,Midfielder,23.0,England,1461.0,22.0,False
559,Journalists,ROOF,Premier League,Attacker,23.0,England,1826.0,38.0,False
560,Telegraph ,Rafaela Pimenta,Premier League,Midfielder,28.0,France,2152.0,60.0,False
561,Insider,CAA Base Ltd,Premier League,Midfielder,24.0,England,1461.0,55.0,False
563,Goal,CAA Base Ltd,Championship,Defender,25.0,England,3287.0,3.0,True
565,Sky Sports,Relatives,Premier League,Attacker,21.0,England,1096.0,9.0,False
568,Mail,Rafaela Pimenta,Premier League,Midfielder,28.0,France,2152.0,60.0,False
569,Bild,HCM Sports ...,Bundesliga,Midfielder,24.0,Switzerland,1826.0,30.0,False
570,Mail,CAA Stellar,Premier League,Attacker,25.0,England,3287.0,65.0,True
573,90 Min,Unknown,Premier League,Defender,26.0,France,3073.0,32.0,True
576,Journalists,Rafaela Pimenta,Premier League,Midfielder,28.0,France,2152.0,60.0,False
579,Corriere S.,Gestifute,Serie A,Attacker,36.0,Portugal,1452.0,45.0,True
588,Express,Teranga Sports,Championship,Attacker,23.0,Senegal,1058.0,22.0,False
590,90 Min,ROOF,Premier League,Attacker,23.0,England,1826.0,38.0,True
591,Sky Sports,Unknown,Premier League,Defender,26.0,France,3073.0,32.0,True
592,The Athletic,CAA Base Ltd,LaLiga,Defender,30.0,England,1080.0,20.0,False
594,Mail,Gestifute,LaLiga,Attacker,24.0,Portugal,1404.0,25.0,False
595,Mail,Wasserman,Premier League,Midfielder,23.0,England,1642.0,7.0,False
597,Mirror,Bertolucci Sports,Serie A,Midfielder,25.0,Brazil,637.0,8.0,True
599,Mirror,Unknown,Eredivisie,Attacker,19.0,England,699.0,16.0,False
601,Corriere S.,Wasserman,Serie A,Midfielder,22.0,United States,365.0,25.0,False
602,Corriere S.,Unique Sports Group,Premier League,Defender,28.0,Denmark,1449.0,18.0,False
603,Mirror,Gestifute,Premier League,Midfielder,24.0,Portugal,1819.0,45.0,False
604,Liverpool E.,Unknown,Scottish Premiership,Defender,19.0,Scotland,730.0,1.3,True
606,Calcio M.,Wasserman,LaLiga,Defender,26.0,France,1450.0,25.0,False
607,The Sun,CAA Base Ltd,LaLiga,Defender,30.0,England,1080.0,20.0,False
609,Calcio M.,Wasserman,Serie A,Midfielder,22.0,United States,365.0,25.0,False
610,ESPN,CAA Stellar,Ligue 1,Midfielder,18.0,France,1277.0,55.0,False
611,The Athletic,Elite Project Group ...,Premier League,Attacker,22.0,England,1277.0,16.0,False
612,Mail,Sports Invest UK ltd,Premier League,Attacker,32.0,Brazil,686.0,9.0,False
613,Insider,Unique Sports Group,Championship,Attacker,28.0,Wales,687.0,5.0,False
614,90 Min,Unique Sports Group,Ligue 1,Attacker,24.0,Cote d'Ivoire,2724.0,12.0,True
617,Telegraph ,ESN,LaLiga,Defender,22.0,France,1094.0,60.0,False
620,Goal,Relatives,Premier League,Attacker,20.0,England,1277.0,32.0,False
621,Star,Unknown,Premier League,Midfielder,28.0,England,2922.0,22.0,True
624,Mail,AMS CONSULTING,Serie A,Attacker,18.0,Cote d'Ivoire,668.0,18.0,True
626,Marca,Relatives,Ligue 1,Attacker,22.0,France,1461.0,160.0,False
627,The Sun,Wasserman,Premier League,Midfielder,20.0,England,730.0,30.0,False
628,Express,Unknown,LaLiga,Defender,22.0,Brazil,1246.0,25.0,True
633,Corriere S.,Relatives,Ligue 1,Attacker,28.0,Argentina,730.0,40.0,False
635,L'Equipe,Relatives,Ligue 1,Attacker,22.0,France,1461.0,160.0,False
639,Goal,CAA Stellar,LaLiga,Midfielder,26.0,Spain,3287.0,40.0,True
641,L'Equipe,CAA Stellar,Ligue 1,Defender,24.0,Croatia,1442.0,25.0,False
646,Bild,Sports360 GmbH,Bundesliga,Defender,25.0,Germany,1826.0,35.0,False
647,Metro,Relatives,LaLiga,Attacker,30.0,Belgium,1096.0,40.0,False
648,Express,Unknown,Premier League,Defender,28.0,England,2342.0,25.0,False
649,90 Min,Relatives,Premier League,Attacker,26.0,England,2544.0,90.0,False
651,Mundo D.,Relatives,LaLiga,Attacker,24.0,France,1771.0,50.0,False
652,Insider,Rafaela Pimenta,Serie A,Defender,21.0,Netherlands,1079.0,75.0,False
655,Mail,CAA Stellar,Premier League,Midfielder,25.0,England,2191.0,20.0,False
656,Mail,Wasserman,Premier League,Midfielder,27.0,England,1638.0,20.0,False
658,Manchester N.,Gestifute,Serie A,Attacker,36.0,Portugal,1452.0,45.0,True
659,Mundo D.,Relatives,Premier League,Midfielder,22.0,England,1096.0,75.0,False
670,Star,CAA Stellar,Premier League,Midfielder,25.0,England,2557.0,30.0,True
672,Corriere S.,Gol International,Premier League,Attacker,26.0,Serbia,1432.0,16.0,False
673,Guardian,Unknown,Premier League,Midfielder,17.0,England,365.0,1.0,False
675,The Sun,Unknown,Premier League,Defender,28.0,England,2342.0,25.0,False
678,Marca,Rafaela Pimenta,Premier League,Midfielder,28.0,France,2152.0,60.0,False
682,Express,Wasserman,Premier League,Defender,24.0,England,2557.0,30.0,False
683,Marca,Universal Twenty Two,LaLiga,Midfielder,35.0,Croatia,3595.0,10.0,False
686,Journalists,Relatives,Premier League,Attacker,26.0,England,2544.0,90.0,False
691,The Athletic,Rafaela Pimenta,Premier League,Midfielder,28.0,France,2152.0,60.0,False
697,Calcio M.,Gestifute,Ligue 1,Midfielder,23.0,Portugal,1043.0,30.0,False
699,Times ,Unknown,Premier League,Attacker,34.0,Uruguay,634.0,6.0,False
700,The Sun,Gol International,Liga Portugal,Defender,28.0,Brazil,2180.0,20.0,True
705,90 Min,Wasserman,Premier League,Defender,26.0,Netherlands,695.0,32.0,False
706,Mail,4ComM,Campeonato Brasileiro Série A,Attacker,24.0,Brazil,882.0,26.0,False
707,Insider,Wasserman,Scottish Premiership,Defender,28.0,England,1461.0,7.5,False
708,Evening Std,Elite Project Group ...,Premier League,Attacker,19.0,United States,0.0,4.0,True
711,Mundo D.,Gestifute,Ligue 1,Midfielder,23.0,Portugal,1043.0,30.0,False
712,The Athletic,Relatives,Ligue 1,Attacker,22.0,France,1461.0,160.0,False
713,Sky Sports,HCM Sports ...,LaLiga,Midfielder,24.0,Netherlands,1096.0,90.0,False
721,Liverpool E.,Wasserman,Championship,Defender,20.0,England,647.0,0.5,False
728,Corriere S.,ESN,Ligue 1,Midfielder,21.0,France,884.0,30.0,False
730,Marca,Relatives,Premier League,Attacker,23.0,England,2373.0,85.0,False
732,The Athletic,P&P Sport ...,Serie A,Midfielder,24.0,Brazil,668.0,40.0,False
736,The Sun,Wasserman,Serie A,Midfielder,22.0,United States,365.0,25.0,False
737,Marca,Unknown,Premier League,Attacker,34.0,Uruguay,634.0,6.0,False
739,The Athletic,ESN,LaLiga,Defender,22.0,France,1094.0,60.0,False
741,Insider,CAA Base Ltd,Premier League,Midfielder,25.0,England,2706.0,30.0,False
742,90 Min,Muy Manero,Ligue 1,Defender,21.0,Netherlands,700.0,28.0,True
745,Mundo D.,Unknown,Premier League,Attacker,24.0,Brazil,634.0,30.0,False
750,Manchester N.,CAA Stellar,Premier League,Defender,24.0,England,699.0,22.0,False
751,L'Equipe,Unknown,Premier League,Defender,34.0,France,3591.0,9.0,False
753,90 Min,HCM Sports ...,Bundesliga,Midfielder,24.0,Switzerland,1826.0,30.0,False
756,The Sun,Gestifute,Premier League,Midfielder,24.0,Portugal,1819.0,45.0,False
761,Star,CAA Stellar,Eredivisie,Defender,20.0,United States,1023.0,30.0,True
762,Evening Std,Bertolucci Sports,Ligue 1,Midfielder,23.0,Brazil,883.0,30.0,True
763,Mail,AC Talent,LaLiga,Defender,27.0,France,2178.0,8.0,False
765,Marca,4ComM,Campeonato Brasileiro Série A,Attacker,24.0,Brazil,882.0,26.0,False
766,L'Equipe,Unknown,Bundesliga,Defender,22.0,France,1826.0,18.0,False
773,Evening Std,CAA Stellar,Premier League,Defender,24.0,England,674.0,45.0,False
779,Mundo D.,Universal Twenty Two,LaLiga,Midfielder,35.0,Croatia,3595.0,10.0,False
782,90 Min,Muy Manero,Premier League,Attacker,23.0,Netherlands,884.0,22.0,True
783,90 Min,Unknown,Ligue 1,Attacker,19.0,France,365.0,0.6,False
786,F. Romano,HCM Sports ...,Bundesliga,Midfielder,24.0,Switzerland,1826.0,30.0,False
787,Mail,CAA Stellar,Premier League,Defender,24.0,England,674.0,45.0,False
790,Manchester N.,HCM Sports ...,Premier League,Midfielder,24.0,Netherlands,667.0,30.0,False
793,Calcio M.,ROOF,Championship,Midfielder,23.0,England,1461.0,22.0,False
794,Sky Sports,Bertolucci Sports,LaLiga,Defender,28.0,Brazil,1096.0,45.0,False
795,The Sun,LIAN Sports Group,Serie A,Defender,23.0,Serbia,1826.0,25.0,False
796,Mail,Muy Manero,Ligue 1,Defender,21.0,Netherlands,700.0,28.0,True
797,Mirror,Unknown,Premier League,Midfielder,24.0,France,1095.0,50.0,False
803,Mail,Unknown,Scottish Premiership,Defender,16.0,Scotland,365.0,0.1,False
806,Journalists,Relatives,LaLiga,Attacker,34.0,Uruguay,730.0,15.0,False
811,F. Romano,Gestifute,Premier League,Attacker,25.0,Spain,1423.0,30.0,False
812,Times ,The Talents ...,Serie A,Midfielder,29.0,Denmark,885.0,40.0,True
813,F. Romano,Unknown,Serie A,Midfielder,32.0,Croatia,2497.0,10.0,False
818,Evening Std,AC Talent,Premier League,Defender,27.0,Spain,730.0,7.0,True
819,Mundo D.,CAA Stellar,Eredivisie,Defender,20.0,United States,1023.0,30.0,True
820,Insider,Wasserman,Premier League,Defender,24.0,England,2557.0,30.0,False
822,Telegraph ,CAA Base Ltd,Premier League,Midfielder,25.0,England,2706.0,30.0,False
825,Sky Sports,Gestifute,Premier League,Attacker,25.0,Spain,1423.0,30.0,False
827,Mail,CAA Stellar,Serie A,Midfielder,24.0,Morocco,883.0,15.0,False
828,Marca,HCM Sports ...,LaLiga,Midfielder,24.0,Netherlands,1096.0,90.0,False
829,Marca,CAA Stellar,Eredivisie,Defender,28.0,Argentina,1638.0,22.0,False
830,The Sun,CAA Stellar,Premier League,Midfielder,25.0,England,2557.0,30.0,False
833,The Athletic,HCM Sports ...,Premier League,Midfielder,24.0,Netherlands,667.0,30.0,True
834,Mirror,Unknown,Premier League,Attacker,34.0,Uruguay,634.0,6.0,False
837,Sky Sports,Elite Project Group ...,Premier League,Attacker,22.0,England,1277.0,16.0,False
838,The Sun,Relatives,Premier League,Midfielder,23.0,England,1096.0,75.0,False
839,Talksport,Gestifute,Liga Portugal,Attacker,23.0,Uruguay,665.0,55.0,False
841,Goal,ESN,Ligue 1,Midfielder,22.0,France,884.0,60.0,True
842,Times ,HCM Sports ...,LaLiga,Midfielder,25.0,Netherlands,1096.0,60.0,False
844,Marca,Gestifute,Premier League,Midfielder,25.0,Portugal,1819.0,40.0,False
845,Corriere S.,Unknown,Premier League,Defender,28.0,Spain,1613.0,45.0,False
849,Mail,CAA Stellar,LaLiga,Defender,21.0,United States,638.0,18.0,False
853,F. Romano,ROOF,Premier League,Attacker,30.0,Senegal,2191.0,70.0,True
854,Marca,ESN,LaLiga,Defender,23.0,France,1094.0,60.0,False
855,Mail,Unknown,Ligue 1,Attacker,20.0,France,365.0,28.0,False
858,The Sun,CAA Stellar,Premier League,Midfielder,26.0,England,2557.0,50.0,True
859,Bild,Unknown,Bundesliga,Midfielder,19.0,England,708.0,80.0,False
861,Mirror,Unknown,Premier League,Defender,29.0,England,2342.0,22.0,True
864,Marca,Gestifute,LaLiga,Attacker,26.0,Spain,2557.0,40.0,False
865,Goal,Rafaela Pimenta,Premier League,Midfielder,29.0,France,2152.0,48.0,True
866,Talksport,Wasserman,Premier League,Defender,27.0,Netherlands,695.0,25.0,False
867,Journalists,Muy Manero,Ligue 1,Defender,22.0,Netherlands,700.0,30.0,True
869,Corriere S.,Unknown,Premier League,Midfielder,29.0,England,2922.0,18.0,True
872,The Athletic,Unknown,Premier League,Attacker,25.0,Brazil,634.0,45.0,True
877,Mail,HCM Sports ...,Championship,Defender,32.0,Sweden,304.0,2.0,True
878,The Sun,Relatives,Premier League,Attacker,24.0,Nigeria,365.0,14.0,False
879,Mail,Unknown,Premier League,Attacker,35.0,Uruguay,634.0,4.0,False
881,The Sun,The Talents ...,Premier League,Midfielder,30.0,Denmark,151.0,20.0,True
884,Talksport,Relatives,LaLiga,Attacker,25.0,France,1771.0,30.0,False
885,The Sun,CAA Stellar,Premier League,Defender,30.0,England,2173.0,15.0,False
886,Mundo D.,Gol International,LaLiga,Attacker,28.0,Belgium,661.0,40.0,False
888,The Sun,Wasserman,Premier League,Defender,27.0,Netherlands,695.0,25.0,False
889,The Athletic,Elite Project Group ...,Scottish Premiership,Midfielder,25.0,Nigeria,1096.0,10.0,False
891,Journalists,LIAN Sports Group,Liga Portugal,Attacker,30.0,Switzerland,1826.0,8.0,False
893,Sky Sports,Universal Twenty Two,Premier League,Midfielder,33.0,Serbia,1796.0,5.0,True
894,Mail,Sports Invest UK ltd,Premier League,Midfielder,24.0,Brazil,1072.0,38.0,False
896,Marca,Unknown,Premier League,Attacker,25.0,Brazil,634.0,45.0,True
897,Journalists,Unknown,LaLiga,Defender,24.0,Brazil,1090.0,30.0,False
899,The Athletic,ESN,Ligue 1,Midfielder,22.0,France,884.0,60.0,True
905,Journalists,Gestifute,Liga Portugal,Attacker,23.0,Uruguay,665.0,55.0,False
909,Mirror,Gestifute,Liga Portugal,Attacker,23.0,Uruguay,665.0,55.0,False
910,Marca,HCM Sports ...,LaLiga,Midfielder,25.0,Netherlands,1096.0,60.0,False
911,Mail,CAA Stellar,LaLiga,Attacker,32.0,Wales,3225.0,3.0,False
914,Times ,Relatives,Premier League,Attacker,24.0,England,2373.0,60.0,False
915,Goal,Unknown,Premier League,Midfielder,29.0,England,2922.0,18.0,False
916,Sky Sports,Unknown,Eredivisie,Midfielder,24.0,Cote d'Ivoire,641.0,24.0,False
920,The Athletic,Gestifute,Liga Portugal,Attacker,23.0,Uruguay,665.0,55.0,True
921,Telegraph ,ROOF,Premier League,Attacker,30.0,Senegal,2191.0,70.0,True
923,Telegraph ,Relatives,Premier League,Attacker,27.0,England,2544.0,70.0,True
924,Mail,Unique Sports Group,Premier League,Defender,22.0,England,1096.0,60.0,False
930,Insider,CAA Stellar,Premier League,Midfielder,22.0,England,2007.0,11.0,True
935,L'Equipe,Rafaela Pimenta,Premier League,Midfielder,29.0,France,2152.0,48.0,True
936,Journalists,ESN,LaLiga,Defender,23.0,France,1094.0,60.0,False
938,Guardian,Bertolucci Sports,Ligue 1,Defender,28.0,Brazil,3269.0,70.0,True
939,Telegraph ,Unknown,Premier League,Attacker,25.0,Brazil,634.0,45.0,True
940,Liverpool E.,Gestifute,Liga Portugal,Attacker,23.0,Uruguay,665.0,55.0,True
942,Sky Sports,Muy Manero,Ligue 1,Defender,22.0,Netherlands,700.0,30.0,True
944,The Athletic,Unknown,Serie A,Attacker,26.0,Argentina,668.0,17.0,True
948,The Athletic,CAA Stellar,LaLiga,Attacker,32.0,Wales,3225.0,3.0,False
949,F. Romano,Rafaela Pimenta,Premier League,Midfielder,29.0,France,2152.0,48.0,True
950,90 Min,Muy Manero,Premier League,Attacker,24.0,Netherlands,884.0,18.0,True
952,Express,The Talents ...,Premier League,Midfielder,30.0,Denmark,151.0,20.0,True
954,Goal,Relatives,Serie A,Attacker,28.0,Argentina,2557.0,35.0,False
957,Manchester N.,HCM Sports ...,LaLiga,Midfielder,25.0,Netherlands,1096.0,60.0,False
958,Journalists,Gol International,Bundesliga,Attacker,24.0,France,1079.0,80.0,False
965,The Athletic,The Talents ...,Premier League,Midfielder,30.0,Denmark,151.0,20.0,True
966,Mail,HCM Sports ...,LaLiga,Midfielder,25.0,Netherlands,1096.0,60.0,False
968,Telegraph ,CAA Stellar,Premier League,Midfielder,26.0,England,2557.0,50.0,True
977,Mirror,Rafaela Pimenta,LaLiga,Attacker,27.0,Belgium,1815.0,12.0,False
978,Insider,Sport Cover,Championship,Defender,28.0,France,1059.0,2.5,False
980,Insider,Unknown,Championship,Midfielder,27.0,England,1461.0,3.5,True
981,Insider,CAA Stellar,Premier League,Midfielder,26.0,England,2557.0,50.0,True
982,Sky Sports,Rafaela Pimenta,Premier League,Midfielder,29.0,France,2152.0,48.0,True
983,The Sun,CAA Stellar,LaLiga,Attacker,32.0,Wales,3225.0,3.0,True
985,Corriere S.,Wasserman,Serie A,Midfielder,26.0,Netherlands,321.0,25.0,False
986,Mirror,CAA Stellar,Premier League,Midfielder,27.0,England,3652.0,32.0,False
987,Liverpool E.,Unknown,Premier League,Defender,29.0,England,2342.0,22.0,True
988,Mail,CAA Stellar,Premier League,Defender,25.0,England,699.0,18.0,True
989,Mirror,HCM Sports ...,LaLiga,Midfielder,25.0,Netherlands,1096.0,60.0,False
991,Mirror,Gestifute,LaLiga,Attacker,26.0,Spain,2557.0,40.0,False
992,Metro,Unknown,Bundesliga,Midfielder,19.0,England,708.0,80.0,False
993,Insider,Unique Sports Group,Premier League,Defender,29.0,England,1461.0,1.5,True
996,Mail,CAA Stellar,Premier League,Defender,30.0,England,2173.0,15.0,True
997,Mirror,Unknown,Bundesliga,Midfielder,19.0,England,708.0,80.0,False
998,Insider,Muy Manero,Ligue 1,Defender,22.0,Netherlands,700.0,30.0,True
1000,The Athletic,Elite Project Group ...,Premier League,Midfielder,18.0,Belgium,1096.0,2.0,True
1003,Sky Sports,Unknown,Premier League,Defender,29.0,England,2342.0,22.0,True
1004,Marca,ESN,Ligue 1,Midfielder,22.0,France,884.0,60.0,True
1005,Corriere S.,Gestifute,Serie A,Attacker,37.0,Portugal,1452.0,30.0,True
1008,The Sun,Relatives,Premier League,Defender,32.0,Spain,3598.0,9.0,False
1010,Guardian,HCM Sports ...,LaLiga,Midfielder,25.0,Netherlands,1096.0,60.0,False
1013,Mail,Relatives,Premier League,Attacker,24.0,Nigeria,365.0,14.0,False
1015,F. Romano,Relatives,Premier League,Attacker,27.0,England,2544.0,70.0,True
1016,The Sun,Relatives,LaLiga,Attacker,25.0,France,1771.0,30.0,False
1017,The Athletic,HCM Sports ...,LaLiga,Midfielder,25.0,Netherlands,1096.0,60.0,False
1018,Marca,Wasserman,Premier League,Defender,30.0,England,4018.0,3.0,False
1020,L'Equipe,Gestifute,Ligue 1,Midfielder,24.0,Portugal,1043.0,28.0,True
1021,Mirror,Wasserman,Premier League,Defender,21.0,Wales,912.0,8.0,True
1024,Insider,Gestifute,Premier League,Attacker,26.0,Spain,1423.0,20.0,False
1026,The Athletic,Relatives,Premier League,Attacker,27.0,England,2544.0,70.0,True
1029,F. Romano,HCM Sports ...,LaLiga,Midfielder,25.0,Netherlands,1096.0,60.0,False
1031,Mirror,AMS CONSULTING,Premier League,Defender,28.0,Cote d'Ivoire,2191.0,6.0,False
1033,Metro,CAA Stellar,Premier League,Midfielder,26.0,England,2738.0,20.0,False
1034,Express,Unknown,Bundesliga,Midfielder,19.0,England,708.0,80.0,False
1040,Goal,HCM Sports ...,LaLiga,Midfielder,25.0,Netherlands,1096.0,60.0,False
1041,The Sun,4ComM,Eredivisie,Attacker,22.0,Brazil,730.0,35.0,True
1044,Metro,Gestifute,Premier League,Midfielder,27.0,Portugal,1826.0,80.0,False
1045,Mirror,Relatives,Premier League,Attacker,27.0,England,2544.0,70.0,True
1046,Marca,Relatives,LaLiga,Attacker,25.0,France,1771.0,30.0,False
1047,Times ,Unknown,Premier League,Attacker,25.0,Brazil,634.0,45.0,False
1049,L'Equipe,Unknown,Ligue 1,Attacker,20.0,France,365.0,28.0,True
1051,90 Min,The Talents ...,Premier League,Midfielder,30.0,Denmark,151.0,20.0,True
1056,90 Min,4ComM,Campeonato Brasileiro Série A,Attacker,25.0,Brazil,882.0,26.0,False
1057,The Sun,AMS CONSULTING,Premier League,Defender,28.0,Cote d'Ivoire,2191.0,6.0,False
1058,Goal,4ComM,Eredivisie,Attacker,22.0,Brazil,730.0,35.0,True
1059,Sport,CAA Stellar,Premier League,Midfielder,27.0,England,3652.0,32.0,False
1061,F. Romano,Unknown,Premier League,Attacker,25.0,Brazil,634.0,45.0,True
1062,L'Equipe,AC Talent,Premier League,Defender,27.0,Spain,1423.0,10.0,False
1064,Goal,Relatives,LaLiga,Attacker,25.0,France,1771.0,30.0,False
1065,Mail,Gestifute,LaLiga,Attacker,26.0,Spain,2557.0,40.0,False
1069,Sky Sports,The Talents ...,Premier League,Midfielder,30.0,Denmark,151.0,20.0,True
1072,The Athletic,Gol International,LaLiga,Attacker,28.0,Belgium,661.0,40.0,False
1073,Sky Sports,Rafaela Pimenta,Serie A,Defender,22.0,Netherlands,1079.0,70.0,False
1074,Metro,Relatives,Eredivisie,Defender,22.0,Netherlands,1826.0,17.0,True
1075,L'Equipe,P&P Sport ...,Ligue 1,Midfielder,28.0,France,1826.0,18.0,False
1076,Calcio M.,Sports Invest UK ltd,Premier League,Midfielder,24.0,Brazil,1072.0,38.0,False
1078,Sky Sports,Unique Sports Group,Premier League,Attacker,21.0,England,912.0,20.0,False
1079,Evening Std,Wasserman,LaLiga,Defender,27.0,France,1450.0,12.0,True
1080,The Athletic,Unknown,Bundesliga,Midfielder,19.0,England,708.0,80.0,False
1083,Talksport,CAA Stellar,LaLiga,Attacker,32.0,Wales,3225.0,3.0,False
1086,Guardian,Unknown,Premier League,Attacker,25.0,Brazil,634.0,45.0,True
1087,Telegraph ,Muy Manero,Premier League,Attacker,24.0,Netherlands,884.0,18.0,False
1088,The Sun,Unique Sports Group,Premier League,Attacker,21.0,England,912.0,20.0,False
1090,90 Min,Bertolucci Sports,Premier League,Midfielder,26.0,Brazil,2557.0,7.5,True
1092,90 Min,Unknown,Premier League,Midfielder,26.0,England,883.0,7.0,False
1093,Sky Sports,Wasserman,LaLiga,Defender,27.0,France,1450.0,12.0,True
1095,Sport,HCM Sports ...,LaLiga,Midfielder,25.0,Netherlands,1096.0,60.0,False
1096,Mail,Wasserman,Premier League,Defender,21.0,Wales,912.0,8.0,True
1105,Telegraph ,Rafaela Pimenta,Serie A,Defender,22.0,Netherlands,1079.0,70.0,False
1106,Mail,Sports360 GmbH,Premier League,Attacker,26.0,Germany,730.0,35.0,False
1107,Goal,CAA Stellar,Ligue 1,Defender,26.0,France,2557.0,40.0,False
1108,Manchester N.,Wasserman,Premier League,Defender,27.0,Netherlands,695.0,25.0,False
1112,Guardian,Unknown,Premier League,Midfielder,29.0,England,2922.0,18.0,True
1113,Sky Sports,CAA Stellar,Premier League,Midfielder,26.0,England,2557.0,50.0,True
1114,L'Equipe,Unknown,Ligue 1,Defender,21.0,France,1461.0,30.0,False
1115,Manchester N.,CAA Stellar,Serie A,Defender,35.0,Argentina,262.0,0.7,False
1116,Goal,Bertolucci Sports,Premier League,Midfielder,26.0,Brazil,2557.0,7.5,True
1117,The Athletic,Wasserman,Championship,Defender,26.0,England,896.0,2.5,True
1118,Mail,Unknown,Premier League,Midfielder,32.0,France,2130.0,4.5,True
1119,ESPN,Relatives,Ligue 1,Attacker,30.0,Brazil,1793.0,75.0,False
1120,Star,The Talents ...,Premier League,Midfielder,30.0,Denmark,151.0,20.0,True
1122,Mail,Relatives,Premier League,Attacker,27.0,England,2544.0,70.0,True
1123,Sport,Gestifute,Premier League,Attacker,26.0,Spain,1423.0,20.0,True
1124,Evening Std,Relatives,Premier League,Attacker,24.0,Nigeria,365.0,14.0,False
1126,Telegraph ,Unknown,Premier League,Midfielder,29.0,England,2922.0,18.0,True
1128,Star,Goal Management,Premier League,Defender,27.0,Spain,2922.0,20.0,True
1131,Manchester N.,Wasserman,Premier League,Defender,27.0,United States,1088.0,6.0,True
1138,The Sun,ROOF,Bundesliga,Attacker,26.0,Germany,1826.0,65.0,False
1139,Mail,Unknown,Premier League,Attacker,25.0,Brazil,634.0,45.0,True
1142,F. Romano,CAA Stellar,Eredivisie,Defender,29.0,Argentina,1638.0,11.0,True
1143,The Sun,CAA Stellar,Premier League,Midfielder,22.0,England,2007.0,11.0,False
1149,Corriere S.,Relatives,Serie A,Attacker,28.0,Argentina,2557.0,35.0,False
1151,Sport,Gestifute,Premier League,Midfielder,27.0,Portugal,1826.0,80.0,False
1156,Journalists,Rafaela Pimenta,Serie A,Defender,22.0,Netherlands,1079.0,70.0,False
1159,The Sun,Unique Sports Group,Premier League,Attacker,22.0,England,1461.0,18.0,False
1160,The Sun,Unknown,Premier League,Midfielder,29.0,England,2922.0,18.0,False
1161,F. Romano,Elite Project Group ...,Premier League,Midfielder,18.0,Belgium,1096.0,2.0,True
1169,Times ,Unique Sports Group,Premier League,Attacker,21.0,England,912.0,20.0,False
1175,Mail,HCM Sports ...,LaLiga,Defender,28.0,Sweden,320.0,5.0,True
1177,Mirror,Unknown,Premier League,Attacker,25.0,Brazil,634.0,45.0,True
1178,Insider,CAA Stellar,Premier League,Defender,24.0,Wales,623.0,8.0,False
1180,Mail,Sports Invest UK ltd,Premier League,Defender,25.0,Spain,650.0,25.0,False
1181,Insider,Unique Sports Group,Premier League,Attacker,32.0,England,2191.0,1.5,False
1183,Star,CAA Stellar,Premier League,Defender,25.0,Scotland,1058.0,32.0,False
1185,Telegraph ,Universal Twenty Two,LaLiga,Attacker,22.0,Sweden,1096.0,30.0,True
1187,Telegraph ,CAA Stellar,Ligue 1,Defender,26.0,France,2557.0,40.0,False
1191,Mail,Relatives,Premier League,Defender,32.0,Spain,3598.0,9.0,False
1194,Bild,Rafaela Pimenta,Serie A,Defender,22.0,Netherlands,1079.0,70.0,True
1198,Sky Sports,Unknown,Premier League,Attacker,35.0,Uruguay,634.0,4.0,False
1202,The Athletic,Unique Sports Group,Ligue 1,Attacker,25.0,Cote d'Ivoire,2724.0,15.0,True
1206,Goal,Rafaela Pimenta,Serie A,Defender,22.0,Netherlands,1079.0,70.0,True
1207,Marca,TEAM DEPAY,LaLiga,Attacker,28.0,Netherlands,365.0,35.0,False
1210,The Athletic,Gestifute,Serie A,Attacker,37.0,Portugal,1452.0,30.0,True
1212,Calcio M.,Rafaela Pimenta,Serie A,Defender,22.0,Netherlands,1079.0,70.0,True
1216,Evening Std,AC Talent,Premier League,Defender,27.0,Spain,1423.0,10.0,False
1217,Calcio M.,Relatives,Serie A,Attacker,28.0,Argentina,2557.0,35.0,True
1221,Times ,Unique Sports Group,Ligue 1,Attacker,25.0,Cote d'Ivoire,2724.0,15.0,True
1223,Insider,Unique Sports Group,Premier League,Midfielder,21.0,England,365.0,0.4,True
1224,Insider,4ComM,Eredivisie,Attacker,22.0,Brazil,730.0,35.0,True
1225,The Sun,ESN,LaLiga,Defender,23.0,France,1094.0,60.0,False
1226,Evening Std,CAA Stellar,Ligue 1,Defender,26.0,France,2557.0,40.0,False
1229,Marca,Relatives,Premier League,Defender,32.0,Spain,3598.0,9.0,False
1230,Mail,Unknown,Bundesliga,Defender,22.0,United States,730.0,7.5,True
1236,Telegraph ,CAA Stellar,Premier League,Midfielder,21.0,Scotland,871.0,12.0,False
1240,Talksport,4ComM,Eredivisie,Attacker,22.0,Brazil,730.0,35.0,True
1241,Marca,Gestifute,Serie A,Attacker,37.0,Portugal,1452.0,30.0,True
1242,Mail,Unknown,Premier League,Midfielder,29.0,England,2922.0,18.0,True
1244,Sky Sports,Unique Sports Group,Premier League,Attacker,22.0,England,1461.0,18.0,False
1246,The Athletic,Rafaela Pimenta,LaLiga,Attacker,27.0,Belgium,1815.0,12.0,True
1247,Metro,CAA Stellar,Premier League,Midfielder,26.0,England,2557.0,50.0,True
1254,Sky Sports,Unknown,Premier League,Midfielder,18.0,England,365.0,6.0,False
1255,Insider,Unknown,Eredivisie,Midfielder,24.0,Cote d'Ivoire,641.0,24.0,False
1257,Mail,Elite Project Group ...,Premier League,Attacker,20.0,England,1096.0,65.0,False
1258,ESPN,4ComM,Eredivisie,Attacker,22.0,Brazil,730.0,35.0,True
1259,The Athletic,Unknown,Premier League,Attacker,25.0,France,1064.0,32.0,False
1260,F. Romano,Unknown,Bundesliga,Midfielder,19.0,England,708.0,80.0,False
1262,Guardian,CAA Stellar,Serie A,Attacker,23.0,Italy,1826.0,30.0,True
1265,The Athletic,P&P Sport ...,Premier League,Attacker,25.0,France,1061.0,18.0,False
1266,The Sun,Unknown,Serie A,Attacker,28.0,Italy,2509.0,20.0,False
1268,F. Romano,Wasserman,Premier League,Midfielder,27.0,Belgium,1096.0,28.0,False
1269,The Athletic,Unknown,Premier League,Midfielder,18.0,England,365.0,6.0,False
1270,The Sun,Relatives,Premier League,Defender,22.0,England,1461.0,22.0,False
1272,ESPN,Relatives,Ligue 1,Attacker,35.0,Argentina,325.0,50.0,False
1275,F. Romano,ESN,LaLiga,Defender,23.0,France,1094.0,60.0,True
1279,Mail,Sport Cover,Bundesliga,Defender,24.0,France,1461.0,20.0,True
1281,Guardian,ESN,LaLiga,Defender,23.0,France,1094.0,60.0,True
1289,Bild,Sports360 GmbH,Premier League,Attacker,26.0,Germany,730.0,35.0,False
1291,Goal,Relatives,Ligue 1,Attacker,35.0,Argentina,325.0,50.0,False
1292,L'Equipe,P&P Sport ...,Premier League,Defender,35.0,Denmark,4018.0,4.0,True
1295,F. Romano,Teranga Sports,Ligue 1,Midfielder,32.0,Senegal,1067.0,12.0,True
1300,Mirror,CAA Base Ltd,LaLiga,Defender,31.0,England,1080.0,15.0,True
1301,The Athletic,AMS CONSULTING,Premier League,Defender,28.0,Cote d'Ivoire,2191.0,6.0,False
1302,Sky Sports,ROOF,Premier League,Attacker,24.0,Nigeria,304.0,10.0,True
1310,Journalists,CAA Base Ltd,Serie A,Midfielder,19.0,Italy,1096.0,1.0,False
1311,90 Min,CAA Stellar,Premier League,Defender,24.0,Wales,623.0,8.0,False
1313,Talksport,Unique Sports Group,Ligue 1,Attacker,25.0,Cote d'Ivoire,2724.0,15.0,True
1315,The Sun,Sports360 GmbH,Premier League,Attacker,26.0,Germany,730.0,35.0,True
1318,Times ,CAA Base Ltd,Premier League,Midfielder,25.0,England,1461.0,50.0,False
1319,90 Min,Unique Sports Group,Ligue 1,Attacker,25.0,Cote d'Ivoire,2724.0,15.0,True
1320,Mail,AC Talent,Premier League,Defender,27.0,Spain,1423.0,10.0,False
1322,L'Equipe,Sport Cover,Bundesliga,Defender,24.0,France,1461.0,20.0,True
1323,Calcio M.,CAA Base Ltd,Serie A,Midfielder,19.0,Italy,1096.0,1.0,False
1325,The Athletic,CAA Stellar,Premier League,Attacker,19.0,England,1096.0,1.5,True
1326,Marca,Sports360 GmbH,Premier League,Attacker,26.0,Germany,730.0,35.0,False
1328,Times ,Teranga Sports,Ligue 1,Midfielder,32.0,Senegal,1067.0,12.0,True
1329,90 Min,CK66,Premier League,Attacker,28.0,England,4199.0,90.0,False
1330,Corriere S.,Unknown,Serie A,Attacker,28.0,Italy,2509.0,20.0,True
1332,Insider,CAA Base Ltd,Premier League,Midfielder,25.0,England,1461.0,50.0,False
1333,Mail,P&P Sport ...,Premier League,Defender,35.0,Denmark,4018.0,4.0,True
1335,Sky Sports,AC Talent,Premier League,Defender,27.0,Spain,1423.0,10.0,False
1339,Mail,Elite Project Group ...,Championship,Attacker,20.0,United States,170.0,4.0,True
1341,90 Min,LIAN Sports Group,Premier League,Defender,31.0,Spain,2130.0,12.0,True
1342,Sky Sports,Unique Sports Group,Premier League,Defender,24.0,England,1096.0,25.0,False
1349,Mirror,LIAN Sports Group,Bundesliga,Attacker,26.0,Germany,716.0,60.0,False
1352,The Sun,Unknown,Bundesliga,Defender,23.0,France,1826.0,9.0,False
1354,Guardian,Relatives,Premier League,Attacker,21.0,England,1277.0,25.0,False
1357,Manchester N.,LIAN Sports Group,Bundesliga,Attacker,26.0,Germany,716.0,60.0,False
1360,Insider,Unique Sports Group,Premier League,Defender,29.0,Denmark,322.0,13.0,False
1361,The Sun,Unknown,Eredivisie,Midfielder,24.0,Cote d'Ivoire,641.0,24.0,False
1363,Mail,Gestifute,Premier League,Midfielder,27.0,Portugal,1826.0,80.0,False
1368,Evening Std,CAA Base Ltd,Serie A,Midfielder,19.0,Italy,1096.0,1.0,False
1372,Express,Gestifute,Liga Portugal,Attacker,21.0,Portugal,638.0,14.0,False
1373,Goal,TEAM DEPAY,LaLiga,Attacker,28.0,Netherlands,365.0,35.0,False
1374,Mail,Relatives,LaLiga,Attacker,27.0,Spain,904.0,25.0,False
1380,Corriere S.,Relatives,Serie A,Midfielder,27.0,France,1096.0,17.0,False
1382,Mail,Teranga Sports,Premier League,Attacker,24.0,Senegal,1058.0,27.0,False
1384,Journalists,AC Talent,Premier League,Defender,28.0,Spain,730.0,5.0,True
1386,L'Equipe,Relatives,Premier League,Attacker,24.0,England,2373.0,60.0,False
1387,Telegraph ,Unknown,LaLiga,Defender,24.0,Brazil,1090.0,30.0,False
1388,90 Min,CAA Stellar,Premier League,Defender,25.0,Scotland,1058.0,32.0,False
1389,The Sun,AC Talent,Premier League,Defender,28.0,Spain,730.0,5.0,True
1391,The Athletic,Relatives,Premier League,Attacker,24.0,Nigeria,365.0,14.0,True
1392,Mail,Unique Sports Group,Premier League,Attacker,25.0,Scotland,1096.0,18.0,False
1396,The Sun,Unknown,Premier League,Midfielder,24.0,Croatia,304.0,22.0,True
1399,90 Min,TEAM DEPAY,LaLiga,Attacker,28.0,Netherlands,365.0,35.0,False
1400,L'Equipe,AMS CONSULTING,Premier League,Defender,28.0,Cote d'Ivoire,2191.0,6.0,True
1405,F. Romano,TEAM DEPAY,LaLiga,Attacker,28.0,Netherlands,365.0,35.0,False
1412,The Sun,Relatives,Ligue 1,Attacker,35.0,Argentina,325.0,50.0,False
1414,Journalists,Gestifute,Serie A,Attacker,37.0,Portugal,1452.0,30.0,True
1419,Telegraph ,Unique Sports Group,Premier League,Attacker,25.0,Scotland,1096.0,18.0,False
1425,The Athletic,Wasserman,Premier League,Attacker,35.0,England,3652.0,5.0,False
1430,Guardian,CAA Base Ltd,Serie A,Midfielder,19.0,Italy,1096.0,1.0,False
1435,Bild,LIAN Sports Group,Premier League,Defender,31.0,Spain,2130.0,12.0,True
1437,Sky Sports,CAA Base Ltd,Serie A,Midfielder,19.0,Italy,1096.0,1.0,False
1442,Calcio M.,Unknown,Premier League,Midfielder,25.0,France,1095.0,30.0,True
1443,Sport,TEAM DEPAY,LaLiga,Attacker,28.0,Netherlands,365.0,35.0,False
1444,Times ,Relatives,Premier League,Attacker,23.0,United States,1276.0,42.0,False
1445,The Athletic,Gestifute,LaLiga,Attacker,22.0,Portugal,1094.0,70.0,False
1448,Mail,Sports Invest UK ltd,Campeonato Brasileiro Série A,Attacker,33.0,Brazil,305.0,5.5,True
1449,90 Min,Gestifute,Serie A,Attacker,37.0,Portugal,1452.0,30.0,True
1451,Telegraph ,Gestifute,Liga Portugal,Attacker,21.0,Portugal,638.0,14.0,False
1453,Telegraph ,Gol International,LaLiga,Attacker,28.0,Belgium,661.0,40.0,False
1454,Times ,CAA Stellar,Premier League,Midfielder,26.0,England,2191.0,15.0,False
1455,Bild,Gestifute,Serie A,Attacker,37.0,Portugal,1452.0,30.0,True
1456,Mail,Relatives,Premier League,Attacker,23.0,United States,1276.0,42.0,False
1461,Mirror,Gestifute,Serie A,Attacker,37.0,Portugal,1452.0,30.0,True
1467,F. Romano,AMS CONSULTING,Premier League,Defender,28.0,Cote d'Ivoire,2191.0,6.0,True
1468,The Sun,Gestifute,Premier League,Midfielder,27.0,Portugal,1826.0,80.0,False
1469,The Sun,Relatives,Premier League,Attacker,26.0,England,668.0,35.0,False
1470,L'Equipe,Teranga Sports,Premier League,Attacker,24.0,Senegal,1058.0,27.0,False
1473,90 Min,Unknown,Premier League,Midfielder,25.0,Scotland,1826.0,32.0,False
1480,Journalists,CAA Stellar,Premier League,Attacker,24.0,Wales,1096.0,18.0,True
1482,90 Min,CAA Base Ltd,Premier League,Defender,22.0,England,365.0,20.0,False
1485,Sport,Goal Management,Premier League,Defender,27.0,Spain,2922.0,20.0,True
1486,Mail,Universal Twenty Two,LaLiga,Attacker,22.0,Sweden,1096.0,30.0,True
1487,Telegraph ,4ComM,Eredivisie,Attacker,22.0,Brazil,730.0,35.0,True
1493,The Sun,Unknown,LaLiga,Defender,29.0,Cote d'Ivoire,270.0,10.0,True
1498,Metro,4ComM,Eredivisie,Attacker,22.0,Brazil,730.0,35.0,True
1499,Telegraph ,Gestifute,LaLiga,Attacker,26.0,Spain,2557.0,40.0,False
1500,Marca,Unknown,Premier League,Attacker,35.0,Uruguay,634.0,4.0,False
1502,Sky Sports,P&P Sport ...,Premier League,Attacker,25.0,France,1061.0,18.0,True
1504,L'Equipe,Unknown,LaLiga,Defender,29.0,Cote d'Ivoire,270.0,10.0,True
1506,The Sun,CAA Base Ltd,Premier League,Midfielder,20.0,England,365.0,6.0,False
1507,Insider,Unknown,Bundesliga,Midfielder,19.0,England,708.0,80.0,False
1508,Mail,4ComM,Eredivisie,Attacker,22.0,Brazil,730.0,35.0,True
1511,Talksport,Rafaela Pimenta,LaLiga,Attacker,27.0,Belgium,1815.0,12.0,False
1512,F. Romano,Unknown,Premier League,Attacker,35.0,Uruguay,634.0,4.0,True
1515,F. Romano,CAA Stellar,Premier League,Attacker,24.0,Wales,1096.0,18.0,True
1517,Metro,Gestifute,Serie A,Attacker,37.0,Portugal,1452.0,30.0,True
1520,Marca,Goal Management,Premier League,Defender,27.0,Spain,2922.0,20.0,True
1521,Mundo D.,HCM Sports ...,LaLiga,Midfielder,25.0,Netherlands,1096.0,60.0,False
1522,The Sun,Unique Sports Group,Premier League,Defender,32.0,England,365.0,3.0,False
1524,Sky Sports,Sport Cover,Ligue 1,Midfielder,25.0,Morocco,-62.0,10.0,True
1529,The Athletic,Sport Cover,Premier League,Defender,31.0,Cote d'Ivoire,1461.0,6.0,True
1530,Telegraph ,Sports Invest UK ltd,Premier League,Midfielder,24.0,Brazil,1072.0,38.0,False
1531,Mail,CAA Stellar,Premier League,Midfielder,21.0,Scotland,871.0,12.0,True
1533,Metro,Unknown,Premier League,Attacker,29.0,Cote d'Ivoire,2706.0,38.0,False
1535,The Athletic,Teranga Sports,Ligue 1,Midfielder,32.0,Senegal,1067.0,12.0,True
1540,Times ,CAA Stellar,Premier League,Midfielder,21.0,Scotland,871.0,12.0,True
1545,Sky Sports,Unknown,Bundesliga,Midfielder,19.0,England,708.0,80.0,False
1546,Calcio M.,Wasserman,Serie A,Midfielder,26.0,Netherlands,321.0,25.0,False
1547,Bild,Relatives,Bundesliga,Defender,33.0,Switzerland,2922.0,5.0,False
1549,90 Min,Relatives,Premier League,Defender,32.0,Spain,3598.0,9.0,False
1553,90 Min,Relatives,LaLiga,Midfielder,19.0,United States,699.0,15.0,False
1558,90 Min,CAA Stellar,Serie A,Midfielder,25.0,Morocco,883.0,10.0,False
1559,Express,Relatives,Serie A,Midfielder,27.0,France,1096.0,17.0,False
1560,90 Min,Unknown,Premier League,Attacker,29.0,Cote d'Ivoire,2706.0,38.0,False
1562,Goal,Sports Invest UK ltd,Campeonato Brasileiro Série A,Attacker,33.0,Brazil,305.0,5.5,True
1563,Calcio M.,Gestifute,LaLiga,Attacker,22.0,Portugal,1094.0,70.0,False
1564,Bild,LIAN Sports Group,Bundesliga,Attacker,26.0,Germany,716.0,60.0,False
1567,Mundo D.,Relatives,Ligue 1,Attacker,23.0,France,1826.0,16.0,False
1568,Calcio M.,Wasserman,Serie A,Midfielder,23.0,United States,365.0,25.0,False
1570,Mirror,Teranga Sports,Premier League,Attacker,24.0,Senegal,1058.0,27.0,False
1573,Mirror,Relatives,Premier League,Attacker,24.0,England,2373.0,60.0,False
1575,Calcio M.,Relatives,Premier League,Midfielder,23.0,England,1096.0,75.0,False
1577,Mirror,Gestifute,LaLiga,Attacker,22.0,Portugal,1094.0,70.0,False
1580,Mirror,Relatives,Premier League,Attacker,23.0,United States,1276.0,42.0,False
1581,Marca,Gestifute,LaLiga,Attacker,22.0,Portugal,1094.0,70.0,False
1582,Marca,Unknown,Bundesliga,Midfielder,19.0,England,708.0,80.0,False
1584,Journalists,Wasserman,Bundesliga,Attacker,17.0,Germany,702.0,15.0,False
1585,Mundo D.,Relatives,LaLiga,Attacker,25.0,France,1771.0,30.0,False
1587,Insider,Sports360 GmbH,Eredivisie,Defender,28.0,Germany,667.0,8.0,False
1588,F. Romano,ROOF,Bundesliga,Midfielder,25.0,Austria,1826.0,28.0,False
1592,Marca,Relatives,Ligue 1,Attacker,35.0,Argentina,325.0,50.0,False
1593,Insider,Unknown,Premier League,Attacker,29.0,Cote d'Ivoire,2706.0,38.0,False
1595,90 Min,4ComM,Campeonato Brasileiro Série A,Midfielder,20.0,Brazil,181.0,5.0,False
1597,Insider,CAA Base Ltd,Scottish Premiership,Defender,18.0,Scotland,0.0,0.1,False
1599,ESPN,Gestifute,Liga Portugal,Attacker,21.0,Portugal,638.0,14.0,False
1603,Mail,Gestifute,LaLiga,Attacker,22.0,Portugal,1094.0,70.0,False
1604,Sky Sports,Sports Invest UK ltd,Premier League,Defender,30.0,Portugal,730.0,6.0,False
1606,Mundo D.,Unknown,Bundesliga,Midfielder,19.0,England,708.0,80.0,False
1607,90 Min,Elite Project Group ...,Premier League,Attacker,20.0,England,1096.0,65.0,False
1609,Journalists,Gestifute,LaLiga,Attacker,22.0,Portugal,1094.0,70.0,False
1611,Marca,Relatives,Serie A,Midfielder,27.0,France,1096.0,17.0,False
1616,Star,Unique Sports Group,Premier League,Defender,24.0,England,1096.0,25.0,False
1619,Sport,Relatives,Serie A,Midfielder,27.0,France,1096.0,17.0,False
1622,Times ,ROOF,Bundesliga,Midfielder,20.0,United States,365.0,1.5,False
1625,Manchester N.,Unique Sports Group,Premier League,Defender,24.0,England,1096.0,25.0,False
1628,Calcio M.,P&P Sport ...,Serie A,Midfielder,25.0,Brazil,668.0,18.0,True
1630,Bild,Sport Cover,Bundesliga,Attacker,24.0,France,1075.0,20.0,False
1632,Telegraph ,Unique Sports Group,Premier League,Attacker,21.0,England,912.0,20.0,False
1634,L'Equipe,Universal Twenty Two,Premier League,Defender,29.0,Argentina,653.0,28.0,False
1635,Marca,Relatives,Ligue 1,Attacker,23.0,France,1461.0,160.0,False
1637,Goal,Bertolucci Sports,Bundesliga,Attacker,23.0,Brazil,882.0,30.0,True
1639,Sport,Wasserman,Bundesliga,Attacker,17.0,Germany,702.0,15.0,False
1641,Mundo D.,P&P Sport ...,Serie A,Midfielder,31.0,Argentina,641.0,6.5,False
1643,Insider,Universal Twenty Two,Premier League,Defender,29.0,Argentina,653.0,28.0,False
1644,Sport,Unknown,Premier League,Attacker,25.0,Brazil,634.0,45.0,True
1647,Evening Std,Sports Invest UK ltd,Premier League,Defender,30.0,Portugal,730.0,6.0,False
1648,Evening Std,Unique Sports Group,Premier League,Defender,24.0,England,1096.0,25.0,False
1651,The Sun,Unknown,Bundesliga,Midfielder,19.0,England,708.0,80.0,False
1654,Times ,Sport Cover,Bundesliga,Attacker,24.0,France,1075.0,20.0,False
1659,The Athletic,Relatives,Premier League,Midfielder,23.0,England,1826.0,80.0,False
1661,The Athletic,Unknown,Ligue 1,Defender,21.0,France,1461.0,30.0,False
1664,90 Min,Gestifute,Premier League,Attacker,26.0,Spain,1423.0,20.0,False
1665,Mundo D.,LIAN Sports Group,Premier League,Defender,31.0,Spain,2130.0,12.0,True
1666,Telegraph ,Gestifute,LaLiga,Attacker,22.0,Portugal,1094.0,70.0,False
1668,Mail,CAA Stellar,Premier League,Attacker,20.0,Sweden,181.0,20.0,False
1669,F. Romano,Unknown,Ligue 1,Defender,21.0,France,1461.0,30.0,False
1670,Mail,CAA Stellar,Premier League,Defender,28.0,England,1826.0,20.0,False
1674,Mundo D.,Gestifute,Liga Portugal,Defender,34.0,Argentina,640.0,3.5,False
1675,90 Min,Sport Cover,Bundesliga,Attacker,24.0,France,1075.0,20.0,False
1676,Goal,Unknown,Bundesliga,Midfielder,19.0,England,708.0,80.0,False
1677,Talksport,Gestifute,LaLiga,Attacker,22.0,Portugal,1094.0,70.0,False
1682,Mail,LIAN Sports Group,Serie A,Attacker,25.0,Cote d'Ivoire,1441.0,19.0,True
1684,ESPN,Unknown,Bundesliga,Midfielder,19.0,England,708.0,80.0,False
1692,The Sun,CAA Stellar,Premier League,Defender,28.0,England,1826.0,20.0,False
1695,Metro,Unknown,Ligue 1,Defender,21.0,France,1461.0,30.0,False
1697,Star,CAA Base Ltd,Liga Portugal,Defender,22.0,Spain,0.0,25.0,False
1702,Journalists,Wasserman,Serie A,Midfielder,26.0,Netherlands,321.0,25.0,False
1703,Mail,Sport Cover,Bundesliga,Attacker,24.0,France,1075.0,20.0,False
1704,Insider,CAA Stellar,Premier League,Attacker,20.0,Sweden,181.0,20.0,False
1705,Calcio M.,Elite Project Group ...,Championship,Attacker,20.0,United States,170.0,4.0,True
1707,Sport,Unique Sports Group,Premier League,Attacker,25.0,Scotland,1096.0,18.0,False
1712,Journalists,Relatives,Ligue 1,Attacker,23.0,France,1826.0,16.0,True
1716,Metro,TEAM DEPAY,LaLiga,Attacker,28.0,Netherlands,365.0,35.0,False
1717,Insider,Sport Cover,Bundesliga,Attacker,24.0,France,1075.0,20.0,False
1727,Evening Std,Unknown,Premier League,Attacker,29.0,Cote d'Ivoire,2706.0,38.0,False
1729,L'Equipe,Sport Cover,Bundesliga,Attacker,24.0,France,1075.0,20.0,False
1730,The Sun,Gestifute,LaLiga,Attacker,22.0,Portugal,1094.0,70.0,False
1731,The Sun,Unknown,Premier League,Attacker,29.0,England,331.0,20.0,False
1734,F. Romano,Sport Cover,Bundesliga,Attacker,24.0,France,1075.0,20.0,False
1740,Marca,CK66,Premier League,Attacker,28.0,England,4199.0,90.0,False
1741,L'Equipe,Relatives,LaLiga,Attacker,31.0,Belgium,1096.0,12.0,False
1742,90 Min,CAA Base Ltd,Liga Portugal,Defender,22.0,Spain,0.0,25.0,False
1745,F. Romano,Gol International,Bundesliga,Attacker,24.0,France,1079.0,80.0,False
1746,Evening Std,Wasserman,Bundesliga,Attacker,17.0,Germany,702.0,15.0,False
1747,Goal,Wasserman,Eredivisie,Midfielder,24.0,Netherlands,1826.0,25.0,True
1748,Star,Unique Sports Group,Premier League,Defender,32.0,England,365.0,3.0,False
1750,Talksport,CAA Base Ltd,Premier League,Defender,25.0,England,689.0,22.0,False
1752,Mail,Relatives,Ligue 1,Midfielder,23.0,France,0.0,25.0,True
1754,Telegraph ,CAA Stellar,LaLiga,Attacker,20.0,Uruguay,330.0,2.5,True
1762,The Athletic,Wasserman,Championship,Defender,24.0,England,668.0,2.5,False
1765,F. Romano,Bertolucci Sports,Bundesliga,Attacker,23.0,Brazil,882.0,30.0,True
1767,Sky Sports,Wasserman,Bundesliga,Attacker,17.0,Germany,702.0,15.0,False
1768,Mail,Gestifute,Premier League,Midfielder,25.0,Portugal,1819.0,40.0,False
1770,Mirror,CAA Stellar,Serie A,Midfielder,25.0,Morocco,883.0,10.0,False
1773,L'Equipe,Elite Project Group ...,Ligue 1,Attacker,23.0,Nigeria,638.0,9.0,False
1776,L'Equipe,Wasserman,Premier League,Defender,27.0,France,1247.0,7.0,True
1777,ESPN,Unknown,Eredivisie,Attacker,20.0,England,699.0,18.0,False
1782,The Sun,CAA Base Ltd,Liga Portugal,Defender,22.0,Spain,0.0,25.0,False
1784,The Sun,Gestifute,Premier League,Midfielder,25.0,Portugal,1819.0,40.0,False
1785,Mail,Elite Project Group ...,Ligue 1,Attacker,23.0,Nigeria,638.0,9.0,False
1791,Sky Sports,Elite Project Group ...,Ligue 1,Attacker,23.0,Nigeria,638.0,9.0,False
1792,Insider,ROOF,Premier League,Midfielder,24.0,England,1461.0,18.0,False
1804,Journalists,Relatives,Bundesliga,Defender,33.0,Switzerland,2922.0,5.0,False
1805,Guardian,Relatives,Premier League,Midfielder,23.0,England,1826.0,80.0,False
1811,Telegraph ,Relatives,Premier League,Midfielder,23.0,England,1826.0,80.0,False
1814,Sky Sports,Wasserman,Serie A,Midfielder,23.0,United States,365.0,25.0,False
1815,Insider,CAA Stellar,Premier League,Defender,28.0,England,1826.0,20.0,False
1816,L'Equipe,Relatives,Ligue 1,Midfielder,23.0,France,0.0,25.0,False
1820,The Sun,Teranga Sports,Premier League,Attacker,24.0,Senegal,1058.0,27.0,False
1825,Telegraph ,CAA Base Ltd,Liga Portugal,Defender,22.0,Spain,0.0,25.0,False
1826,F. Romano,Goal Management,Premier League,Defender,27.0,Spain,2922.0,20.0,True
1827,The Athletic,CAA Stellar,Premier League,Attacker,20.0,Sweden,181.0,20.0,False
1831,Mail,Gestifute,Premier League,Defender,28.0,Portugal,1059.0,65.0,False
1832,Express,Bertolucci Sports,Ligue 1,Defender,28.0,Brazil,3269.0,70.0,True
