,Outlet,Agent,Outcome
0,L'Equipe,Rafaela Pimenta,False
1,Sun,Relatives,False
2,90 Min,RR-Soccer ...,True
5,The Athletic,Universal Twenty Two,False
7,Corriere dello Sport,Simone Seghedoni,False
8,Fabrizio Romano,Relatives,True
9,Football Insider,Unknown,False
10,Mirror,Tier One,False
11,Football Insider,Gonçalo Palhinha,False
12,Calcio mercato,Matteo Materazzi,False
14,Mail,Elite Project Group ...,True
15,Marca,Gestifute,False
16,Mundo Deportivo,CAA Base Ltd,False
17,Mail,StormSportsX,False
18,Sky Sports,Gestifute,True
20,Sky Sports,Wasserman,False
21,Mundo Deportivo,CAA Base Ltd,False
22,Sky Sports,CK66,False
24,L'Equipe,CAA Base Ltd,False
25,Calcio mercato,RR-Soccer ...,False
26,Independent Journalists,Gestifute,False
27,Marca,Interplayers,False
28,Mail,PLG,False
29,Corriere dello Sport,Unique Sports Group,False
30,Calcio mercato,FutureBall,False
31,Calcio mercato,LIAN Sports Group,False
33,Football Insider,Unique Sports Group,False
35,Marca,Goal Management,False
36,Mirror,Fabio Mello Sports,False
37,Calcio mercato,Gr Sports,False
38,The Athletic,Wasserman,False
39,Football Insider,CAA Stellar,False
41,L'Equipe,Sport Avenir ...,True
42,Sky Sports,Gestifute,True
43,Football Insider,CAA Stellar,False
47,Sky Sports,Gestifute,True
48,90 Min,Unknown,True
50,Sky Sports,CAA Stellar,True
55,Sun,Keypass AS,False
56,The Athletic,ND SPORTS MANAGEMENT,True
57,Sun,Prodigy Players,True
60,Marca,Relatives,False
62,Sun,Relatives,False
63,Football Insider,Unknown,False
65,The Athletic,Relatives,True
67,Marca,CAA Stellar,False
68,L'Equipe,Gestifute,False
69,90 Min,Rafaela Pimenta,True
70,Mundo Deportivo,Sports Invest UK ltd,False
72,Sun,Unknown,False
73,Calcio mercato,Wasserman,True
74,Independent Journalists,INTERNATIONAL ...,False
75,Mail,Prodigy Players,True
76,Mirror,Keypass AS,False
77,The Athletic,Relatives,False
78,Mail,CAA Stellar,False
80,Football Insider,Jordan Wise,False
82,Mail,Unknown,False
83,Mail,CAA Stellar,True
84,L'Equipe,Relatives,False
85,Calcio mercato,BMG-SPORT,False
86,Independent Journalists,LIAN Sports Group,False
91,Football Insider,Jorge Pires,True
92,Mail,HAGMAYR ...,False
95,Sun,MATCHING SPORT,True
97,Football Insider,CK66,False
98,L'Equipe,BY AND FOR,False
99,Mail,Rafaela Pimenta,True
101,Independent Journalists,Unknown,False
102,90 Min,Bond MG,False
103,Corriere dello Sport,Boutique Transfers,False
105,Mirror,CONTROL ORIENTADO,True
106,Marca,AC Talent,False
108,Calcio mercato,Ciro Palermo,False
109,L'Equipe,CAA Stellar,True
110,Mail,CAA Base Ltd,True
112,L'Equipe,CAA Stellar,True
113,Football Insider,ROOF,False
114,Sun,Unique Sports Group,True
117,L'Equipe,One Team Football ,True
120,Football Insider,Sports Empire ...,False
125,The Athletic,Gol International,False
126,Mirror,Gestifute,False
127,Mirror,Wasserman,False
131,Telegraph,Footfeel ISM  ,False
137,Telegraph,CK66,False
138,Sky Sports,CAA Stellar,True
140,L'Equipe,Sport Cover,False
141,Mirror,CAA Stellar,False
142,Independent Journalists,Ciro Palermo,False
143,Mail,Gestifute,False
144,Sun,Relatives,False
145,Sky Sports,Castelnovo,True
146,Mail,AGON,True
147,Corriere dello Sport,Footfeel ISM  ,False
150,Sun,ROOF,False
151,Calcio mercato,Avid Sports Group,False
153,Sun,Triple S Sports,True
154,Mail,PLG,False
155,Sun,Unknown,False
156,Sky Sports,ROOF,False
157,Independent Journalists,ROOF,False
158,Telegraph,Rafaela Pimenta,False
159,Football Insider,CAA Base Ltd,False
161,Calcio mercato,ESHA,False
162,Sky Sports,Relatives,False
164,Telegraph,USFA Management,False
165,Mail,Rafaela Pimenta,False
170,90 Min,Unknown,False
173,Independent Journalists,Rafaela Pimenta,False
176,Corriere dello Sport,Gestifute,True
177,Mirror,Nordic Sky,True
181,The Athletic,Goal Management,False
182,Fabrizio Romano,Castelnovo,True
185,The Athletic,World in Motion,True
188,90 Min,ROOF,True
189,Mundo Deportivo,Relatives,False
190,Sky Sports,Unknown,False
191,The Athletic,CAA Base Ltd,False
192,The Athletic,Nordic Sky,True
194,Sky Sports,MV SPORTS & MKT,False
195,Mirror,Bertolucci Sports,True
196,Calcio mercato,Relatives,False
197,Calcio mercato,Castelnovo,True
198,Mirror,Unknown,False
199,Mail,Signature - ISCM AG,False
200,Corriere dello Sport,Wasserman,False
201,Mirror,Gestifute,False
202,Sun,Unique Sports Group,True
203,Calcio mercato,Wasserman,False
204,Sun,CAA Base Ltd,False
206,Calcio mercato,Wasserman,False
208,The Athletic,Elite Project Group ...,False
209,Mail,Sports Invest UK ltd,False
210,Football Insider,Unique Sports Group,False
211,90 Min,Unique Sports Group,True
213,The Athletic,Gestifute,True
214,Fabrizio Romano,Unknown,True
215,Mirror,Unknown,False
217,Independent Journalists,Wasserman,False
218,Sky Sports,P&P Sport ...,True
219,Independent Journalists,Relatives,False
220,The Athletic,Gestifute,True
221,Fabrizio Romano,Unknown,True
222,Mirror,Unknown,False
224,Independent Journalists,Wasserman,False
225,Sky Sports,P&P Sport ...,True
226,Independent Journalists,Relatives,False
227,L'Equipe,Relatives,False
228,Telegraph,Gestifute,True
229,Telegraph,ESN,False
230,Sky Sports,Proeleven S.A.,False
231,The Athletic,CAA Base Ltd,False
232,Sky Sports,World Soccer Agency,True
233,Sky Sports,Tier One,False
235,Corriere dello Sport,Niagara Sports ...,True
236,L'Equipe,Relatives,False
237,Telegraph,Gestifute,True
238,Telegraph,ESN,False
239,Sky Sports,Proeleven S.A.,False
241,The Athletic,CAA Base Ltd,False
242,Mail,Sports Invest UK ltd,False
243,Sky Sports,World Soccer Agency,True
244,Sky Sports,Tier One,False
246,Corriere dello Sport,Niagara Sports ...,True
247,Mail,AMS CONSULTING,True
248,Independent Journalists,Boutique Transfers,False
249,Marca,Relatives,False
250,Sun,Wasserman,False
253,The Athletic,Pinnacle Sports,True
254,Independent Journalists,MARTIN RIHA,True
255,Sky Sports,Nomi Sports,False
256,Corriere dello Sport,Relatives,False
258,L'Equipe,Relatives,False
259,L'Equipe,CAA Stellar,False
261,Independent Journalists,ESN,False
263,L'Equipe,CAA Stellar,False
265,Fabrizio Romano,World Soccer Agency,True
266,Mundo Deportivo,ESN,True
269,Corriere dello Sport,LIAN Sports Group,False
270,Mirror,Team Raiola,False
272,Football Insider,TDL Sports ...,False
274,Football Insider,Unique Sports Group,False
276,Mail,CAA Stellar,False
277,Independent Journalists,Unknown,False
279,Sun,Wasserman,False
280,Corriere dello Sport,One Team Football ,True
282,Marca,CAA Stellar,False
283,Fabrizio Romano,Niagara Sports ...,True
285,Mirror,Elite Project Group ...,True
286,Football Insider,Link,False
287,Mirror,CAA Base Ltd,False
288,Marca,Football Mix B.V.,True
290,Marca,CAA Stellar,False
291,Calcio mercato,Signature - ISCM AG,False
292,Football Insider,Elite Project Group ...,False
293,Mundo Deportivo,Augustin Jimenez,True
294,Football Insider,PRO10 Sports,False
297,Sun,Unknown,False
299,Mail,Gestifute,False
302,Fabrizio Romano,Football Mix B.V.,True
303,Mundo Deportivo,TEAM DEPAY,True
305,Mundo Deportivo,La Squadra Sports,False
306,Mirror,LIFEPRO,False
307,Mundo Deportivo,Sports Invest UK ltd,False
308,Sun,Unique Sports Group,False
309,Mundo Deportivo,Sports360 GmbH,False
310,Calcio mercato,Ciro Palermo,False
312,The Athletic,TKA,False
313,Sun,Elite Management ...,True
314,Mundo Deportivo,Sports&Life,False
315,Sun,Unknown,False
316,Sky Sports,Unknown,False
317,Independent Journalists,Gestifute,False
318,Football Insider,ARGENTUM SPORT,False
319,Calcio mercato,Oscar Bentancourt,False
322,Mundo Deportivo,CAA Stellar,False
323,Corriere dello Sport,Signature - ISCM AG,False
326,Mail,Sport Avenir ...,True
327,Football Insider,Unknown,False
328,L'Equipe,Rafaela Pimenta,False
329,Sun,Relatives,False
330,90 Min,RR-Soccer ...,True
333,The Athletic,Universal Twenty Two,False
335,Corriere dello Sport,Simone Seghedoni,False
336,Fabrizio Romano,Relatives,True
337,Football Insider,Unknown,False
338,Mirror,Tier One,False
339,Football Insider,Gonçalo Palhinha,False
340,Calcio mercato,Matteo Materazzi,False
342,Mail,Elite Project Group ...,True
343,Marca,Gestifute,False
344,Mundo Deportivo,CAA Base Ltd,False
345,Mail,StormSportsX,False
346,Sky Sports,Gestifute,True
348,Sky Sports,Wasserman,False
349,Mundo Deportivo,CAA Base Ltd,False
350,Sky Sports,CK66,False
352,L'Equipe,CAA Base Ltd,False
353,Calcio mercato,RR-Soccer ...,False
354,Independent Journalists,Gestifute,False
355,Marca,Interplayers,False
356,Mail,PLG,False
357,Corriere dello Sport,Unique Sports Group,False
358,Calcio mercato,FutureBall,False
359,Calcio mercato,LIAN Sports Group,False
361,Football Insider,Unique Sports Group,False
363,Marca,Goal Management,False
364,Mirror,Fabio Mello Sports,False
365,Calcio mercato,Gr Sports,False
366,The Athletic,Wasserman,False
367,Football Insider,CAA Stellar,False
369,L'Equipe,Sport Avenir ...,True
370,Sky Sports,Gestifute,True
371,Football Insider,CAA Stellar,False
372,Mirror,Unknown,False
374,90 Min,Signature - ISCM AG,False
376,Mail,Conquest,True
379,90 Min,Gestifute,False
381,Sun,Unknown,False
382,Sky Sports,Unknown,False
386,Sun,Keypass AS,False
387,The Athletic,ND SPORTS MANAGEMENT,True
388,Sun,Prodigy Players,True
391,Marca,Relatives,False
393,Sun,Relatives,False
394,Football Insider,Unknown,False
396,The Athletic,Relatives,True
398,Marca,CAA Stellar,False
399,L'Equipe,Gestifute,False
400,90 Min,Rafaela Pimenta,True
401,Mundo Deportivo,Sports Invest UK ltd,False
403,Sun,Unknown,False
404,Calcio mercato,Wasserman,True
405,Independent Journalists,INTERNATIONAL ...,False
406,Mail,Prodigy Players,True
407,Mirror,Keypass AS,False
408,The Athletic,Relatives,False
409,Mail,CAA Stellar,False
411,Football Insider,Jordan Wise,False
413,Mail,Unknown,False
414,Mail,CAA Stellar,True
415,L'Equipe,Relatives,False
416,Calcio mercato,BMG-SPORT,False
417,Independent Journalists,LIAN Sports Group,False
422,Football Insider,Jorge Pires,True
423,Mail,HAGMAYR ...,False
426,Sun,MATCHING SPORT,True
428,Football Insider,Gestifute,False
429,The Athletic,Goal Management,False
431,Mail,One Team Football ,True
433,Telegraph,ROGON,True
435,Football Insider,UDN SPORTS,False
436,Mirror,CAA Base Ltd,False
439,L'Equipe,CAA Stellar,True
440,Football Insider,ROOF,False
441,Sun,Unique Sports Group,True
443,L'Equipe,One Team Football ,True
446,Football Insider,Sports Empire ...,False
447,Fabrizio Romano,Goal Management,False
449,Sky Sports,Panthera Sports,True
450,Sun,CAA Base Ltd,False
451,Sky Sports,Dirk Hebel,True
452,Sky Sports,Unknown,True
453,Football Insider,Unknown,False
455,The Athletic,Gol International,False
456,Mirror,Gestifute,False
457,Mirror,Wasserman,False
461,Telegraph,Footfeel ISM  ,False
467,Telegraph,CK66,False
468,Sky Sports,CAA Stellar,True
470,L'Equipe,Sport Cover,False
471,Mirror,CAA Stellar,False
472,Independent Journalists,Ciro Palermo,False
473,Mail,Gestifute,False
474,Sun,Relatives,False
475,Sky Sports,Castelnovo,True
476,Mail,AGON,True
477,Corriere dello Sport,Footfeel ISM  ,False
480,Sun,ROOF,False
481,Calcio mercato,Avid Sports Group,False
483,Sun,Triple S Sports,True
484,Mail,PLG,False
485,Sun,Unknown,False
486,Sky Sports,ROOF,False
487,Independent Journalists,ROOF,False
488,Telegraph,Rafaela Pimenta,False
489,Football Insider,CAA Base Ltd,False
491,Calcio mercato,ESHA,False
492,Sky Sports,Relatives,False
494,Telegraph,USFA Management,False
495,Mail,Rafaela Pimenta,False
500,90 Min,Unknown,False
503,Independent Journalists,Rafaela Pimenta,False
506,Corriere dello Sport,Gestifute,True
507,Mirror,Nordic Sky,True
511,The Athletic,Goal Management,False
512,Fabrizio Romano,Castelnovo,True
515,The Athletic,World in Motion,True
518,90 Min,ROOF,True
519,Mundo Deportivo,Relatives,False
520,Sky Sports,Unknown,False
521,The Athletic,CAA Base Ltd,False
522,The Athletic,Nordic Sky,True
524,Sky Sports,MV SPORTS & MKT,False
525,Mirror,Bertolucci Sports,True
526,Calcio mercato,Relatives,False
527,Calcio mercato,Castelnovo,True
528,Mirror,Unknown,False
529,Mail,Signature - ISCM AG,False
530,Corriere dello Sport,Wasserman,False
531,Mirror,Gestifute,False
532,Sun,Unique Sports Group,True
533,Calcio mercato,Wasserman,False
534,Sun,CAA Base Ltd,False
536,Calcio mercato,Wasserman,False
538,The Athletic,Elite Project Group ...,False
539,Mail,Sports Invest UK ltd,False
540,Football Insider,Unique Sports Group,False
541,90 Min,Unique Sports Group,True
543,The Athletic,Gestifute,True
544,Fabrizio Romano,Unknown,True
545,Mirror,Unknown,False
547,Independent Journalists,Wasserman,False
548,Sky Sports,P&P Sport ...,True
549,Independent Journalists,Relatives,False
550,The Athletic,Gestifute,True
551,Fabrizio Romano,Unknown,True
552,Mirror,Unknown,False
554,Independent Journalists,Wasserman,False
555,Sky Sports,P&P Sport ...,True
556,Independent Journalists,Relatives,False
557,L'Equipe,Relatives,False
558,Telegraph,Gestifute,True
559,Telegraph,ESN,False
560,Sky Sports,Proeleven S.A.,False
561,The Athletic,CAA Base Ltd,False
562,Sky Sports,World Soccer Agency,True
563,Sky Sports,Tier One,False
565,Corriere dello Sport,Niagara Sports ...,True
566,L'Equipe,Relatives,False
567,Telegraph,Gestifute,True
568,Telegraph,ESN,False
569,Sky Sports,Proeleven S.A.,False
571,The Athletic,CAA Base Ltd,False
572,Mail,Sports Invest UK ltd,False
573,Sky Sports,World Soccer Agency,True
574,Sky Sports,Tier One,False
576,Corriere dello Sport,Niagara Sports ...,True
577,Mail,AMS CONSULTING,True
578,Independent Journalists,Boutique Transfers,False
579,Marca,Relatives,False
580,Sun,Wasserman,False
583,The Athletic,Pinnacle Sports,True
584,Independent Journalists,MARTIN RIHA,True
585,Sky Sports,Nomi Sports,False
586,Corriere dello Sport,Relatives,False
588,L'Equipe,Relatives,False
589,L'Equipe,CAA Stellar,False
591,Independent Journalists,ESN,False
593,L'Equipe,CAA Stellar,False
596,Corriere dello Sport,Signature - ISCM AG,False
599,90 Min,Relatives,False
600,Mirror,score agencies,False
601,Mundo Deportivo,Relatives,False
603,Mundo Deportivo,INTERNATIONAL ...,False
604,Mail,CAA Stellar,False
605,Mail,Wasserman,False
606,Calcio mercato,DCGLOBALSL,True
607,Sky Sports,Link,False
608,Mundo Deportivo,Relatives,False
609,Calcio mercato,Vigo Global Sport ...,False
611,The Athletic,Relatives,True
613,Sun,DW Sports Management,False
615,Independent Journalists,Signature - ISCM AG,False
616,Mundo Deportivo,Relatives,False
618,Mail,Link,False
619,Marca,LEADERBROCK,True
620,Corriere dello Sport,Gol International,False
622,Mirror,ROOF,False
623,Mundo Deportivo,LEADERBROCK,True
624,Mail,INTERNATIONAL ...,False
625,Marca,Rafaela Pimenta,False
627,Sun,Footfeel ISM  ,True
628,Calcio mercato,World Soccer Agency,False
630,Marca,Universal Twenty Two,False
631,Sun,YOU FIRST,False
632,Independent Journalists,Sport Avenir ...,False
633,Independent Journalists,Relatives,False
634,Sun,MY ELEVEN CONSULTING,False
635,Mundo Deportivo,Niagara Sports ...,False
636,Sun,Wasserman,False
637,Mundo Deportivo,LEADERBROCK,True
638,The Athletic,Rafaela Pimenta,False
639,Mail,ROOF,False
640,Football Insider,PLG,False
641,Football Insider,Gestifute,False
643,Calcio mercato,Gestifute,False
646,Sun,Gol International,True
647,Corriere dello Sport,INTERNATIONAL ...,True
648,Marca,Nomi Sports,True
649,Mundo Deportivo,Relatives,False
650,Mundo Deportivo,LEADERBROCK,True
651,90 Min,Wasserman,False
652,Mail,4ComM,False
653,Football Insider,Wasserman,False
655,Corriere dello Sport,INTERNATIONAL ...,False
657,Mundo Deportivo,Gestifute,False
658,The Athletic,Relatives,False
659,Sky Sports,HCM Sports ...,False
662,Independent Journalists,Premier Sports ...,True
665,Mail,Gestifute,True
666,Independent Journalists,Roebbers,True
668,Independent Journalists,DK,False
672,Mail,YPFC,False
673,Corriere dello Sport,ESN,False
675,Marca,Relatives,False
676,Marca,LEADERBROCK,True
677,The Athletic,P&P Sport ...,False
680,Corriere dello Sport,Premier Sports ...,False
681,Sun,Wasserman,False
682,Marca,Unknown,False
684,The Athletic,ESN,False
685,Marca,Vibra Futbol,False
686,Calcio mercato,Villarreal & Schena,False
687,Mundo Deportivo,Unknown,False
688,Calcio mercato,World Soccer Agency,False
689,Calcio mercato,P&P Sport ...,False
691,Corriere dello Sport,Manuel García ...,False
693,Mundo Deportivo,USFA Management,True
694,Sky Sports,Relatives,True
695,Mundo Deportivo,Excellence Sport,False
696,Corriere dello Sport,World Soccer Agency,False
698,Calcio mercato,DLF,False
699,Sun,Relatives,False
702,The Athletic,Wasserman,False
703,Marca,4ComM,False
704,L'Equipe,Unknown,False
705,Calcio mercato,Mateja Kezman,False
706,Sky Sports,AMS CONSULTING,False
707,Football Insider,PLG,False
708,Mundo Deportivo,Ambition Group,False
709,Sky Sports,FSB – ...,False
711,Mirror,INTERNATIONAL ...,False
712,Mundo Deportivo,ESN,False
714,Mundo Deportivo,Universal Twenty Two,False
715,Mirror,INTERNATIONAL ...,False
717,90 Min,Muy Manero,False
718,Fabrizio Romano,HCM Sports ...,False
719,L'Equipe,Classico,False
722,Calcio mercato,YOU FIRST,False
723,L'Equipe,Link,False
724,Football Insider,PLG,False
725,Mirror,Unknown,False
726,Sky Sports,FA Sport,True
729,Calcio mercato,P&P Sport ...,False
732,Mail,Unknown,False
733,Football Insider,Boutique Transfers,False
737,Mail,INTERNATIONAL ...,True
739,Fabrizio Romano,Unknown,False
740,Fabrizio Romano,KIN Partners,True
741,90 Min,Universal Twenty Two,False
742,Sun,Concilium Sport,True
743,Sky Sports,Raps Management,True
744,Sky Sports,ROGON,False
746,Mundo Deportivo,CAA Stellar,True
747,Football Insider,Wasserman,False
749,The Athletic,Link,False
751,90 Min,INTERNATIONAL ...,True
752,Sky Sports,Gestifute,False
753,Football Insider,Sparka Management,False
754,Mail,CAA Stellar,False
755,Marca,HCM Sports ...,False
756,Marca,CAA Stellar,False
757,Sun,CAA Stellar,False
758,90 Min,Unknown,False
759,Independent Journalists,Premier Sports ...,True
761,Mirror,Unknown,False
762,90 Min,Back Sports S.A.,False
764,Sky Sports,Elite Project Group ...,False
765,Fabrizio Romano,World Soccer Agency,True
766,Mundo Deportivo,ESN,True
769,Corriere dello Sport,LIAN Sports Group,False
770,Mirror,Team Raiola,False
772,Football Insider,Fatto Gestão,False
774,Football Insider,Unique Sports Group,False
775,Mail,Sturridge Sports ...,False
777,Mail,CAA Stellar,False
778,Independent Journalists,Unknown,False
780,Sun,Wasserman,False
781,Football Insider,Relatives,False
782,Corriere dello Sport,One Team Football ,False
784,Marca,CAA Stellar,False
785,Fabrizio Romano,Niagara Sports ...,True
787,Mirror,Elite Project Group ...,False
788,Football Insider,Link,False
789,Mirror,CAA Base Ltd,False
790,Marca,Football Mix B.V.,False
792,Marca,CAA Stellar,False
793,Calcio mercato,Signature - ISCM AG,False
794,Football Insider,Elite Project Group ...,False
795,Mundo Deportivo,Augustin Jimenez,False
796,Football Insider,PRO10 Sports,False
799,Sun,P&P Sport ...,False
801,Mail,Gestifute,False
804,Fabrizio Romano,Football Mix B.V.,False
805,Mundo Deportivo,TEAM DEPAY,False
807,Mundo Deportivo,La Squadra Sports,False
808,Mirror,LIFEPRO,False
809,Mundo Deportivo,Sports Invest UK ltd,False
810,Sun,Unique Sports Group,False
811,Mundo Deportivo,Sports360 GmbH,False
812,Calcio mercato,Ciro Palermo,True
814,The Athletic,TKA,False
815,Sun,Elite Management ...,True
816,Mundo Deportivo,Sports&Life,False
817,Sun,Unknown,False
818,Sky Sports,Unknown,False
819,Independent Journalists,Gestifute,False
820,Football Insider,ARGENTUM SPORT,False
821,Calcio mercato,Oscar Bentancourt,True
824,Mundo Deportivo,CAA Stellar,False
825,Corriere dello Sport,Signature - ISCM AG,False
828,Mail,Sport Avenir ...,False
829,Football Insider,Unknown,False
830,L'Equipe,Rafaela Pimenta,False
831,Sun,Relatives,False
832,90 Min,RR-Soccer ...,False
835,The Athletic,Universal Twenty Two,False
837,Corriere dello Sport,Simone Seghedoni,False
838,Fabrizio Romano,Relatives,True
839,Football Insider,Unknown,False
840,Mirror,Tier One,False
841,Football Insider,Gonçalo Palhinha,False
842,Calcio mercato,Matteo Materazzi,False
844,Mail,Elite Project Group ...,False
845,Mundo Deportivo,CAA Base Ltd,False
846,Mail,StormSportsX,False
847,Sky Sports,Gestifute,False
849,Sky Sports,Wasserman,False
850,Football Insider,Unknown,False
851,Sky Sports,CK66,False
853,L'Equipe,CAA Base Ltd,False
854,Calcio mercato,RR-Soccer ...,False
855,Independent Journalists,Onsoccer,True
856,Marca,Interplayers,False
857,Mail,PLG,False
858,Corriere dello Sport,Unique Sports Group,False
859,Calcio mercato,FutureBall,True
860,Calcio mercato,LIAN Sports Group,False
862,Football Insider,Unique Sports Group,False
863,Football Insider,Unknown,False
865,Marca,Goal Management,False
866,Mirror,Fabio Mello Sports,False
867,Calcio mercato,Gr Sports,False
868,The Athletic,Wasserman,False
869,Football Insider,CAA Stellar,False
871,L'Equipe,Sport Avenir ...,False
872,Sky Sports,Gestifute,False
873,Football Insider,CAA Stellar,False
874,Mirror,Unknown,False
876,90 Min,Signature - ISCM AG,False
878,Mail,Conquest,False
881,90 Min,Gestifute,False
883,Sky Sports,P&P Sport ...,False
885,Telegraph,Rafaela Pimenta,False
886,Mail,Sports360 GmbH,False
889,Sky Sports,Raps Management,False
891,Mail,Score Futbol,True
893,Sky Sports,CAA Stellar,True
894,L'Equipe,Unknown,False
897,The Athletic,Wasserman,True
900,Mail,Unknown,True
903,Mirror,Bertolucci Sports,False
904,Marca,Relatives,False
905,Mail,Relatives,True
907,Marca,Gestifute,False
910,Telegraph,Major League Sports ...,True
911,90 Min,GA SPORTS AGENCY,False
912,Mail,YMU Management Ltd.,False
918,The Athletic,Link,False
919,Mail,Score Futbol,True
921,Mail,Unknown,True
922,The Athletic,HCM Sports ...,False
923,Sun,Unknown,False
924,Fabrizio Romano,CAA Stellar,True
925,Sun,CAA Stellar,False
926,Mirror,Fabio Mello Sports,False
928,Independent Journalists,HZ INTERNATIONAL,False
929,L'Equipe,One Team Football ,False
930,Marca,Bruno Serafim,False
931,Sky Sports,AGB Sport Management,False
935,Sky Sports,Gonçalo Palhinha,True
936,The Athletic,Score Futbol,True
937,Fabrizio Romano,HCM Sports ...,False
938,Fabrizio Romano,Rafaela Pimenta,True
939,Independent Journalists,Rafaela Pimenta,False
940,Mail,HZ INTERNATIONAL,False
941,Mail,YMU Management Ltd.,False
942,Sun,Unique Sports Group,False
943,Sun,Unknown,False
944,Fabrizio Romano,Elite Project Group ...,True
945,Football Insider,CAA Stellar,False
946,Fabrizio Romano,Panthera Sports,False
948,Independent Journalists,Vigo Global Sport ...,False
949,Mail,Vibra Futbol,False
950,Sun,Claes Agency,False
953,Marca,Unknown,True
954,Telegraph,Raps Management,False
956,Sun,Claes Agency,False
960,Marca,Unknown,True
961,Telegraph,Raps Management,False
965,90 Min,Score Futbol,True
967,Fabrizio Romano,Rafaela Pimenta,True
968,The Athletic,EMG Mundial,False
970,Football Insider,Relatives,False
973,Sky Sports,CAA Stellar,False
976,90 Min,Score Futbol,True
978,Marca,HCM Sports ...,False
979,Fabrizio Romano,Rafaela Pimenta,True
980,The Athletic,EMG Mundial,False
982,Football Insider,Relatives,False
985,Mail,HCM Sports ...,True
986,Sky Sports,CAA Stellar,False
987,Mirror,Unknown,True
988,Mail,CAA Stellar,False
989,Football Insider,CAA Stellar,False
991,Mail,Sports Invest UK ltd,False
992,Independent Journalists,Unknown,True
994,Telegraph,Universal Twenty Two,True
995,The Athletic,Unknown,True
996,Telegraph,CAA Stellar,False
997,Mirror,Gol International,True
999,Mail,Relatives,False
1001,Football Insider,Gestifute,False
1004,Fabrizio Romano,GA SPORTS AGENCY,False
1005,The Athletic,JM10 SPORT,False
1006,90 Min,Oscar Bentancourt,True
1007,Sky Sports,Unknown,False
1010,Calcio mercato,not clarified,False
1011,The Athletic,Unique Sports Group,True
1012,Sky Sports,Raps Management,False
1013,Marca,ESN,True
1014,Marca,HCM Sports ...,False
1016,Marca,TEAM DEPAY,False
1018,Mail,FA Sport,True
1020,The Athletic,Gestifute,True
1021,Marca,ESN,False
1022,Calcio mercato,Rafaela Pimenta,True
1023,Independent Journalists,HCM Sports ...,False
1024,L'Equipe,FS Management,False
1025,Fabrizio Romano,STV ,False
1026,L'Equipe,Brazil Soccer,False
1028,Calcio mercato,Relatives,True
1029,Calcio mercato,Football Mix B.V.,True
1030,Calcio mercato,RDF Football,False
1033,Football Insider,Unknown,True
1034,Football Insider,Unique Sports Group,True
1035,Football Insider,4ComM,True
1036,Sun,ESN,False
1038,Calcio mercato,Vigo Global Sport ...,False
1039,Marca,Relatives,False
1040,Mail,Unknown,True
1043,Mail,Unknown,False
1044,90 Min,EMG Mundial,False
1045,L'Equipe,Sport Avenir ...,False
1046,Sun,MLA Management,False
1047,Telegraph,CAA Stellar,False
1048,Marca,HCM Sports ...,False
1049,Sun,ESN,False
1050,Mail,Relatives,True
1052,Marca,Gestifute,True
1053,Mail,Sport Avenir ...,False
1054,Mail,Unknown,True
1055,Mail,Stonemountain ...,True
1056,Sky Sports,Unique Sports Group,False
1058,The Athletic,EMG Mundial,False
1059,Marca,ESN,True
1060,L'Equipe,Carmenta,False
1061,Mail,Relatives,True
1062,Calcio mercato,Football Mix B.V.,True
1063,The Athletic,YOU FIRST,False
1064,Sky Sports,Unknown,False
1065,Football Insider,Unknown,False
1066,Football Insider,Unique Sports Group,False
1067,Mail,Elite Project Group ...,False
1068,Telegraph,ESN,True
1070,The Athletic,Unknown,False
1071,Fabrizio Romano,Unknown,False
1074,L'Equipe,Kemari,False
1075,The Athletic,P&P Sport ...,False
1076,Sun,Unknown,False
1079,The Athletic,Unknown,False
1080,Football Insider,StormSportsX,True
1083,Calcio mercato,ROGON,False
1084,Mirror,USFA Management,False
1085,Fabrizio Romano,ESN,True
1086,Mail,Relatives,False
1088,The Athletic,Unique Sports Group,True
1089,Mail,Sport Cover,True
1090,Mail,Soccer Mondial AG,True
1093,Calcio mercato,GA SPORTS AGENCY,False
1094,L'Equipe,firsteleven ISM,True
1095,Calcio mercato,HZ INTERNATIONAL,False
1097,The Athletic,M-Soccermanagement,True
1098,Corriere dello Sport,Vibra Futbol,True
1099,Marca,HCM Sports ...,False
1103,L'Equipe,P&P Sport ...,False
1104,Football Insider,Léandre Chouya,False
1105,Fabrizio Romano,Teranga Sports,True
1106,Fabrizio Romano,Prodigy Players,True
1107,L'Equipe,Vibra Futbol,True
1108,90 Min,World Soccer Agency,False
1109,Corriere dello Sport,Vigo Global Sport ...,False
1110,90 Min,GA SPORTS AGENCY,False
1112,Mirror,CAA Base Ltd,True
1113,The Athletic,AMS CONSULTING,False
1114,90 Min,ROGON,False
1115,The Athletic,AGON,False
1116,Football Insider,YMU Management Ltd.,False
1120,Calcio mercato,USFA Management,False
1122,Independent Journalists,CAA Base Ltd,False
1123,90 Min,CAA Stellar,False
1126,Calcio mercato,AGON,False
1127,90 Min,StormSportsX,False
1128,Mirror,Sports360 GmbH,True
1129,The Athletic,EMG Mundial,False
1130,Mirror,HCM Sports ...,False
1132,Mail,AC Talent,False
1133,90 Min,Claes Agency,False
1134,Calcio mercato,GA SPORTS AGENCY,False
1135,L'Equipe,Sport Cover,True
1136,Calcio mercato,CAA Base Ltd,False
1137,Corriere dello Sport,Stirr Associates,False
1138,The Athletic,CAA Stellar,False
1139,Marca,Sports360 GmbH,False
1142,90 Min,CK66,False
1143,Corriere dello Sport,Unknown,True
1145,Football Insider,CAA Base Ltd,False
1146,Mail,P&P Sport ...,False
1147,Telegraph,Panthera Sports,False
1148,Sky Sports,AC Talent,False
1150,Sun,AMS CONSULTING,False
1152,Mail,Elite Project Group ...,False
1153,Sky Sports,Vibra Futbol,True
1154,90 Min,LIAN Sports Group,True
1155,Sky Sports,Unique Sports Group,False
1156,Fabrizio Romano,Football Service,False
1157,Marca,HCM Sports ...,False
1158,Sun,DW Sports Management,False
1159,The Athletic,Unknown,True
1160,Mail,VIDA 11,False
1161,90 Min,Bond MG,True
1162,Mirror,LIAN Sports Group,False
1163,Sun,Relatives,False
1164,Fabrizio Romano,Interplayers,True
1165,Sun,Unknown,False
1166,The Athletic,EMG Mundial,True
1168,Mail,Sports360 GmbH,True
1169,Mail,Arna Sports ...,False
1170,Fabrizio Romano,AGON,False
1172,Fabrizio Romano,Vibra Futbol,True
1173,Football Insider,Unique Sports Group,False
1174,Sun,Unknown,False
1175,Sun,Interplayers,True
1176,Mail,Gestifute,False
1178,Telegraph,SEG,False
1179,Mail,Gr Sports,False
1182,The Athletic,Premier Sports ...,True
1188,The Athletic,Unknown,False
1190,Marca,TEAM DEPAY,False
1191,L'Equipe,DW Sports Management,False
1192,Corriere dello Sport,Relatives,False
1194,Mail,Teranga Sports,False
1195,90 Min,FSB – ...,False
1196,Independent Journalists,AC Talent,True
1197,Marca,JM10 SPORT,False
1198,L'Equipe,Relatives,False
1199,Telegraph,Unknown,False
1200,90 Min,CAA Stellar,False
1201,Sun,AC Talent,True
1203,The Athletic,Relatives,True
1205,L'Equipe,Relatives,False
1208,Sun,Unknown,True
1210,L'Equipe,Léandre Chouya,False
1211,90 Min,TEAM DEPAY,False
1212,L'Equipe,AMS CONSULTING,True
1213,Mail,Key United,False
1214,Marca,ADM Esporte,False
1215,Mail,TTMA,True
1216,Mail,Niagara Sports ...,True
1217,Mail,Relatives,False
1218,Fabrizio Romano,DCGLOBALSL,True
1219,Fabrizio Romano,TEAM DEPAY,False
1220,Mail,CAA Stellar,False
1221,Fabrizio Romano,Unknown,True
1222,Fabrizio Romano,Football Service,False
1224,The Athletic,P&P Sport ...,False
1225,Mail,TTMA,True
1226,The Athletic,Niagara Sports ...,True
1227,Mail,Relatives,False
1228,Fabrizio Romano,AGON,False
1229,Mail,CAA Stellar,False
1231,Fabrizio Romano,Unknown,True
1232,The Athletic,P&P Sport ...,False
1233,Fabrizio Romano,Football Service,False
1235,Sun,Unknown,False
1237,Sun,Relatives,False
1238,Mirror,Fútbol División,False
1239,Independent Journalists,Gestifute,True
1240,Sky Sports,Relatives,False
1244,Mail,Relatives,False
1246,Sun,Key United,False
1247,Calcio mercato,FairSport,False
1248,L'Equipe,PS Sports,False
1249,Mail,Promoesport,False
1251,Sun,Premier Sports ...,True
1253,Mail,Unknown,False
1255,Fabrizio Romano,PS Sports,False
1256,Sun,Dirk Hebel,False
1258,The Athletic,AMS CONSULTING,True
1260,Fabrizio Romano,TTMA,True
1261,Sky Sports,CAA Base Ltd,False
1262,Mirror,Relatives,False
1263,Marca,Best of You,True
1264,Independent Journalists,Best of You,True
1265,The Athletic,Wasserman,False
1266,Fabrizio Romano,VV Consulting,True
1267,Calcio mercato,Unknown,True
1270,The Athletic,Gestifute,False
1272,L'Equipe,Relatives,False
1273,Mail,Sports Invest UK ltd,True
1274,90 Min,Gestifute,True
1275,Telegraph,Premier Sports ...,True
1276,Calcio mercato,ProStar,False
1277,Telegraph,Gestifute,False
1278,Sky Sports,ROOF,False
1280,Sky Sports,Gestifute,False
1281,Mail,SEG,False
1282,Telegraph,Gol International,False
1285,Mail,Relatives,False
1287,L'Equipe,E CASTAGNINO,False
1289,L'Equipe,Relatives,False
1290,Mirror,Gestifute,True
1292,The Athletic,LF360,False
1293,Mail,Elite Project Group ...,False
1294,Sky Sports,Supernova Management,False
1295,Telegraph,SEG,False
1296,Fabrizio Romano,AMS CONSULTING,True
1298,Mirror,Relatives,False
1299,Marca,Teranga Sports,False
1300,Sun,Triple S Sports,True
1301,90 Min,Unknown,False
1302,Fabrizio Romano,TEAM DEPAY,False
1303,Fabrizio Romano,AMS CONSULTING,True
1305,Sun,4ComM,True
1306,Sky Sports,Premier Sports ...,True
1308,Mirror,Teranga Sports,False
1309,Independent Journalists,CAA Stellar,False
1310,Mail,SPOCS Global Sports,True
1311,90 Min,CAA Base Ltd,False
1312,Fabrizio Romano,RDF Football,False
1315,Mail,Universal Twenty Two,True
1316,Telegraph,4ComM,True
1318,L'Equipe,Brazil Soccer,False
1319,Mail,Tier One,False
1320,Mail,SPOCS Global Sports,True
1322,Sun,Unknown,True
1323,The Athletic,Triple S Sports,True
1324,Telegraph,Brazil Soccer,False
1326,Telegraph,TTMA,True
1328,Telegraph,Gestifute,False
1329,Marca,Unknown,False
1330,Sky Sports,P&P Sport ...,True
1331,The Athletic,Stirr Associates,False
1332,L'Equipe,Unknown,True
1333,Mail,Sports Invest UK ltd,False
1334,Sun,CAA Base Ltd,False
1335,Football Insider,Unknown,False
1336,Mail,4ComM,True
1337,Football Insider,Fabryka Futbolu,True
1339,Fabrizio Romano,Unknown,True
1340,Mail,SPOCS Global Sports,True
1341,Fabrizio Romano,CAA Stellar,False
1343,Calcio mercato,Niagara Sports ...,True
1345,Marca,Goal Management,False
1346,Marca,HCM Sports ...,False
1347,Sun,Unique Sports Group,False
1348,The Athletic,Key United,True
1349,Sky Sports,Sport Cover,True
1351,Mail,Marjan Sisic,False
1353,Corriere dello Sport,DCGLOBALSL,True
1354,Telegraph,Sports Invest UK ltd,False
1355,Mail,CAA Stellar,True
1356,Mirror,Tier One,True
1357,Marca,Promoesport,True
1358,The Athletic,Teranga Sports,True
1360,Fabrizio Romano,SEG,False
1362,Corriere dello Sport,Wasserman,False
1364,Mirror,TACTIC GRUP - ...,False
1365,Corriere dello Sport,Marjan Sisic,False
1366,Calcio mercato,Ambition Group,True
1367,Sky Sports,Unknown,False
1368,Calcio mercato,Wasserman,False
1370,Mundo Deportivo,Miha Mlakar,False
1371,90 Min,wtrentin sports,False
1372,90 Min,Relatives,False
1373,Corriere dello Sport,OmniSports,False
1375,Marca,Ambition Group,True
1376,90 Min,Relatives,False
1377,Marca,TFM Agency,False
1380,Football Insider,Unique Sports Group,False
1382,90 Min,CAA Stellar,False
1384,90 Min,Unknown,False
1386,Marca,TEAM DEPAY,False
1387,Calcio mercato,Gestifute,False
1389,Marca,Gestifute,False
1390,The Athletic,Relatives,False
1391,Mundo Deportivo,Relatives,False
1392,Calcio mercato,Wasserman,False
1393,90 Min,TMP SOCCER srl ,False
1394,Mirror,Teranga Sports,False
1396,Sky Sports,Sports360 GmbH,False
1397,Mirror,Relatives,False
1398,L'Equipe,Marjan Sisic,False
1399,Calcio mercato,Relatives,False
1400,Mirror,Unique Sports Group,False
1401,Mirror,Gestifute,False
1402,The Athletic,Gestifute,False
1404,Mirror,Relatives,False
1405,Marca,Gestifute,False
1406,Marca,Unknown,False
1407,Mirror,Claes Agency,False
1408,Independent Journalists,Wasserman,False
1409,Mundo Deportivo,Relatives,False
1410,Corriere dello Sport,not clarified,False
1411,Football Insider,Sports360 GmbH,False
1412,Marca,Gestifute,True
1413,Fabrizio Romano,ROOF,False
1414,Football Insider,Link,False
1415,Sky Sports,not clarified,False
1416,Football Insider,Unknown,False
1417,Marca,Relatives,False
1418,Football Insider,Unknown,False
1420,Independent Journalists,H2 Agency,False
1421,Football Insider,CAA Base Ltd,False
1424,Independent Journalists,INTERNATIONAL ...,True
1426,L'Equipe,Klan Soccer FZCO,False
1427,Mail,Gestifute,False
1428,Sky Sports,Sports Invest UK ltd,False
1429,90 Min,Claes Agency,False
1430,Mail,wtrentin sports,False
1431,Mundo Deportivo,Unknown,False
1432,90 Min,Elite Project Group ...,False
1434,Independent Journalists,Gestifute,False
1435,Independent Journalists,Wasserman,False
1436,Mirror,SEG,False
1437,Marca,Relatives,False
1438,Sky Sports,Supernova Management,False
1440,L'Equipe,BY AND FOR,True
1441,Mirror,SEG,False
1442,Marca,Gestifute,True
1445,Independent Journalists,Supernova Management,False
1448,Sky Sports,Klan Soccer FZCO,False
1450,The Athletic,Link,False
1451,Mirror,HCM Sports ...,False
1453,Marca,CAA Stellar,False
1455,Sky Sports,Fútbol División,False
1456,Calcio mercato,P&P Sport ...,True
1458,Sun,Marjan Sisic,False
1460,Telegraph,Unique Sports Group,False
1461,Marca,KDS FM,False
1462,L'Equipe,Universal Twenty Two,False
1463,Marca,Relatives,False
1464,Sky Sports,FSB – ...,False
1465,Fabrizio Romano,RN Sports,False
1467,90 Min,Marjan Sisic,False
1469,Calcio mercato,OmniSports,False
1470,Mundo Deportivo,P&P Sport ...,False
1473,Fabrizio Romano,Carlos Leite,False
1474,Football Insider,Universal Twenty Two,False
1477,The Athletic,Unknown,False
1478,The Athletic,Castelnovo,False
1482,Mail,Unknown,False
1483,Sun,New Era Global ...,False
1484,Mirror,Unknown,False
1485,Sun,Unknown,False
1486,Mirror,SEG,False
1487,Marca,HCM Sports ...,False
1488,Marca,Gestifute,False
1489,Sun,Energy Sports,False
1491,The Athletic,Unknown,False
1492,Independent Journalists,Wasserman,False
1493,The Athletic,Relatives,False
1495,The Athletic,Unknown,False
1498,90 Min,Gestifute,False
1499,Mundo Deportivo,LIAN Sports Group,True
1500,Telegraph,Gestifute,False
1501,The Athletic,FUTBOL21 AGENCY,False
1502,Marca,HCM Sports ...,False
1503,Mail,CAA Stellar,False
1504,Fabrizio Romano,Unknown,False
1505,The Athletic,ATG Sports,False
1506,Mail,Brezilya Agency,False
1508,Marca,Gestifute,False
1509,90 Min,Sport Cover,False
1512,Corriere dello Sport,Wasserman,False
1513,Football Insider,Brezilya Agency,False
1514,Corriere dello Sport,Mateja Kezman,False
1516,Mail,LIAN Sports Group,True
1517,Fabrizio Romano,Bertolucci Sports,False
1520,Corriere dello Sport,Brezilya Agency,False
1522,90 Min,Regenera Elite,True
1523,Marca,IFM,True
1525,Football Insider,Unknown,False
1526,Sun,CAA Stellar,False
1531,Calcio mercato,Unknown,False
1532,Sun,Footinveston,False
1533,Mundo Deportivo,HCM Sports ...,False
1534,The Athletic,Unknown,False
1535,Independent Journalists,Wasserman,False
1536,Mail,Sport Cover,False
1537,Football Insider,CAA Stellar,False
1538,Calcio mercato,Elite Project Group ...,False
1539,Mirror,SPOCS Global Sports,True
1543,Telegraph,Gestifute,True
1544,The Athletic,Gestifute,False
1545,Independent Journalists,Relatives,True
1546,90 Min,LIFEPRO,False
1547,The Athletic,Relatives,True
1548,Fabrizio Romano,KDS FM,False
1549,Fabrizio Romano,Elenko Sports Ltda.,False
1551,Football Insider,Sport Cover,False
1552,Fabrizio Romano,Classico,False
1554,L'Equipe,YPFC,False
1557,Marca,TEAM DEPAY,False
1559,Telegraph,Gestifute,False
1561,Sky Sports,Fútbol División,False
1562,L'Equipe,Sport Cover,False
1563,Mail,Link,False
1564,Mirror,Gestifute,False
1566,Fabrizio Romano,Sport Cover,False
1567,Sky Sports,ROGON,False
1568,Independent Journalists,One II Agency,True
1569,Mirror,Unknown,False
1570,Marca,Gestifute,False
1571,Football Insider,JC ...,False
1574,Sky Sports,ROGON,False
1575,Mail,B2F,False
1576,Marca,CK66,False
1577,L'Equipe,Relatives,False
1578,90 Min,CAA Base Ltd,False
1583,The Athletic,PSM,False
1585,The Athletic,ROGON,False
1586,Mail,Relatives,True
1587,Sun,G&ML SPORTS LIMITED,True
1590,Telegraph,CAA Stellar,True
1591,The Athletic,Premier Sports ...,True
1592,Corriere dello Sport,INTERNATIONAL ...,True
1595,The Athletic,Pablo Barquero,False
1596,The Athletic,Wasserman,False
1597,Sky Sports,ROGON,False
1598,Telegraph,B2F,False
1599,Fabrizio Romano,Bertolucci Sports,True
1600,The Athletic,Panthera Sports,False
1601,Sky Sports,Wasserman,False
1603,Mirror,CAA Stellar,False
1604,Fabrizio Romano,Carlos Leite,False
1605,Telegraph,Unique Sports Group,False
1606,L'Equipe,Elite Project Group ...,False
1607,Mail,Key United,False
1608,90 Min,Unknown,False
1609,L'Equipe,Wasserman,False
1612,Sun,Elite Management ...,True
1613,Mundo Deportivo,Unknown,False
1614,Football Insider,CAA Stellar,False
1615,Sun,Unique Sports Group,False
1616,Mirror,CAA Base Ltd,False
1617,Mirror,Gestifute,False
1618,Mail,Elite Project Group ...,False
1619,90 Min,B2F,False
1620,The Athletic,Panthera Sports,False
1621,Sun,Unknown,False
1622,Independent Journalists,JC ...,False
1623,Marca,Unknown,True
1624,Telegraph,Premier Sports ...,True
1625,Telegraph,Elenko Sports Ltda.,False
1626,Mundo Deportivo,AIS Football,False
1627,Sky Sports,Elite Project Group ...,False
1628,Football Insider,ROOF,False
1629,Mail,Panthera Sports,False
1630,Mirror,"Villarreal, Schena ...",False
1631,Mirror,Triple S Sports,False
1632,Independent Journalists,#LEADERS,False
1633,Telegraph,KIN Partners,False
1634,Mirror,JC ...,False
1635,90 Min,Gea World,False
1636,The Athletic,Epic Sports,False
1637,Sky Sports,Elite Management ...,True
1638,Independent Journalists,Relatives,False
1640,Mirror,JC ...,False
1641,Sky Sports,HZ INTERNATIONAL,False
1642,Corriere dello Sport,Link,False
1643,Mail,PabloBueno360,False
1644,Corriere dello Sport,OmniSports,False
1645,Mail,Fútbol División,False
1646,Telegraph,Relatives,False
1647,Calcio mercato,TEAM LUKAKU,True
1648,The Athletic,Remington Ellis ...,False
1649,Sky Sports,Wasserman,False
1650,Football Insider,CAA Stellar,False
1651,L'Equipe,Relatives,False
1652,Fabrizio Romano,Carlos Leite,False
1653,Sky Sports,Relatives,False
1654,Sun,Teranga Sports,False
1656,L'Equipe,HZ INTERNATIONAL,False
1657,90 Min,Claes Agency,False
1659,Telegraph,CAA Base Ltd,False
1660,Fabrizio Romano,Goal Management,True
1661,The Athletic,CAA Stellar,False
1662,Mundo Deportivo,KDS FM,False
1663,The Athletic,Raps Management,False
1664,Calcio mercato,Vigo Global Sport ...,False
1665,Mail,Gestifute,False
1666,Football Insider,Gestifute,True
